year,scholarships,tertiary_expenditure,country_id
2000,,99.99783325195312,94.0
2001,,97.30098724365234,94.0
2002,,100.0,94.0
2005,,99.06928253173828,94.0
2007,,100.0,94.0
2008,,100.0,94.0
2009,,100.0,94.0
2011,,100.0,94.0
2012,,100.0,94.0
2013,,100.0,94.0
2014,,100.0,94.0
2015,,100.0,94.0
2016,,100.0,94.0
2006,394713.0,,133.0
2007,490818.0,,133.0
2008,1185739.0,,133.0
2009,3225912.0,,133.0
2010,4472338.0,78.94293212890625,133.0
2011,5056725.0,77.54962921142578,133.0
2012,8911781.0,65.43367767333984,133.0
2013,17314964.0,67.14701080322266,133.0
2014,7835627.0,72.4339370727539,133.0
2015,7131952.0,68.0542221069336,133.0
2016,8827992.0,,133.0
2017,9271017.0,,133.0
2018,12585477.0,,133.0
2019,22618700.0,,133.0
2020,11418147.0,,133.0
2021,15939144.0,,133.0
2022,17166256.0,,133.0
2023,18832174.0,,133.0
2006,1286846.0,71.1140365600586,185.0
2007,1187526.0,,185.0
2008,1657035.0,,185.0
2009,1778415.0,,185.0
2010,1629604.0,,185.0
2011,1281713.0,,185.0
2012,1750337.0,,185.0
2013,2064404.0,,185.0
2014,2112595.0,,185.0
2015,2170631.0,,185.0
2016,2282703.0,,185.0
2017,3112449.0,,185.0
2018,3562877.0,,185.0
2019,4338833.0,,185.0
2020,4258330.0,,185.0
2021,4112802.0,,185.0
2022,5243773.0,,185.0
2023,4913372.0,,185.0
2006,1194779.0,,46.0
2007,1074729.0,,46.0
2008,1750576.0,,46.0
2009,2349423.0,,46.0
2010,2142016.0,,46.0
2011,2673740.0,,46.0
2012,2347750.0,,46.0
2013,3574072.0,85.17835998535156,46.0
2014,3210389.0,,46.0
2015,4554596.0,90.79503631591795,46.0
2016,3396717.0,,46.0
2017,5906900.0,92.24942779541016,46.0
2018,7231607.0,89.85302734375,46.0
2019,12439693.0,88.95677185058594,46.0
2020,8456305.0,84.91098022460938,46.0
2021,9964001.0,,46.0
2022,11067639.0,,46.0
2023,11325131.0,73.35370635986328,46.0
2006,,96.69634246826172,134.0
2007,,90.84388732910156,134.0
2008,,95.1609115600586,134.0
2009,,94.55032348632812,134.0
2010,,94.55032348632812,134.0
2011,,94.55032348632812,134.0
2013,,98.72048950195312,134.0
2014,,99.47258758544922,134.0
2015,,98.74201202392578,134.0
2016,,99.95052337646484,134.0
2017,,99.17420959472656,134.0
2018,,99.20018005371094,134.0
2019,,98.93283081054688,134.0
2022,,96.62777709960938,134.0
2023,,96.83334350585938,134.0
2019,,71.70059204101562,39.0
2020,,70.385498046875,39.0
2021,,76.71533203125,39.0
2001,,99.18084716796876,109.0
2002,,99.06661987304688,109.0
2003,,99.06279754638672,109.0
2004,,99.84137725830078,109.0
2006,269173.0,98.86170959472656,109.0
2007,1457220.0,99.08409118652344,109.0
2008,5048403.0,98.83676147460938,109.0
2009,7405687.0,98.64086151123048,109.0
2010,7239757.0,98.5639877319336,109.0
2011,4399020.0,,109.0
2012,7949499.0,94.7358627319336,109.0
2013,7897802.0,97.109619140625,109.0
2014,5565308.0,97.2504425048828,109.0
2015,4308853.0,95.50083923339844,109.0
2016,2519153.0,95.70140838623048,109.0
2017,5320806.0,95.4454574584961,109.0
2018,4519117.0,99.05431365966795,109.0
2019,4966774.0,99.311279296875,109.0
2020,4070834.0,99.13996124267578,109.0
2021,2654967.0,97.31839752197266,109.0
2022,4332543.0,98.22088623046876,109.0
2023,3408491.0,,109.0
2006,569289.0,,162.0
2007,540034.0,,162.0
2008,1204843.0,,162.0
2009,2141248.0,,162.0
2010,1772959.0,,162.0
2011,1557345.0,,162.0
2012,1792377.0,99.5197296142578,162.0
2013,5650142.0,99.45175170898438,162.0
2014,5069985.0,98.79342651367188,162.0
2015,4185765.0,100.0,162.0
2016,4002180.0,99.64264678955078,162.0
2017,7133759.0,98.929931640625,162.0
2018,5278384.0,,162.0
2019,6316523.0,,162.0
2020,4871736.0,96.7581787109375,162.0
2021,4617491.0,97.08506774902344,162.0
2022,4782070.0,96.33766174316406,162.0
2023,5232840.0,96.06149291992188,162.0
2006,,98.25359344482422,207.0
2002,,99.52262115478516,1.0
2006,14303.0,,1.0
2007,27700.0,,1.0
2008,37188.0,,1.0
2009,90842.0,98.03868103027344,1.0
2010,19502.0,,1.0
2011,49327.0,98.62164306640624,1.0
2012,45371.0,,1.0
2013,81541.0,,1.0
2014,109733.0,,1.0
2015,90270.0,,1.0
2016,55951.0,,1.0
2017,28365.0,,1.0
2018,87925.0,53.06769943237305,1.0
2019,199405.0,,1.0
2020,124744.0,,1.0
2021,128956.0,,1.0
2013,,87.01936340332031,5.0
2022,,91.14038848876952,5.0
2000,,96.75401306152344,169.0
2001,,96.48348999023438,169.0
2002,,94.9898681640625,169.0
2003,,96.92568969726562,169.0
2004,,94.23474884033205,169.0
2005,,91.69420623779295,169.0
2006,,93.78426361083984,169.0
2007,,91.7876434326172,169.0
2008,,93.67552185058594,169.0
2009,,93.30313873291016,169.0
2010,,90.63884735107422,169.0
2011,,92.6461410522461,169.0
2012,,93.52979278564452,169.0
2013,,92.36511993408205,169.0
2014,,92.9210433959961,169.0
2015,,91.83000946044922,169.0
2016,,90.42386627197266,169.0
2017,,91.4032211303711,169.0
2018,,90.19583892822266,169.0
2019,,91.6142120361328,169.0
2020,,92.44825744628906,169.0
2021,,90.11743927001952,169.0
2022,,90.35968017578124,169.0
2000,,99.10259246826172,110.0
2001,,98.8207778930664,110.0
2002,,99.56301879882812,110.0
2003,,99.45919799804688,110.0
2004,,98.63720703125,110.0
2005,,99.36186981201172,110.0
2006,142256.0,99.11373901367188,110.0
2007,208307.0,98.31281280517578,110.0
2008,821321.0,97.84483337402344,110.0
2009,1419680.0,98.47794342041016,110.0
2010,1684692.0,98.53852081298828,110.0
2011,1841734.0,99.4121322631836,110.0
2012,1496557.0,99.7577133178711,110.0
2013,2617708.0,,110.0
2014,1988014.0,99.78780364990234,110.0
2015,2085284.0,99.85576629638672,110.0
2016,2780352.0,98.46163177490234,110.0
2017,4196261.0,99.07711029052734,110.0
2018,6578716.0,96.39089965820312,110.0
2019,13666022.0,80.03755950927734,110.0
2020,10159467.0,96.57331085205078,110.0
2021,11726850.0,97.4831085205078,110.0
2022,11531322.0,96.79876708984376,110.0
2023,10276402.0,83.67320251464844,110.0
2001,,90.192138671875,23.0
2002,,94.02787017822266,23.0
2004,,95.9101333618164,23.0
2006,1529408.0,,23.0
2007,2027928.0,,23.0
2008,1915601.0,97.46038818359376,23.0
2009,2412977.0,92.98509979248048,23.0
2010,1909164.0,97.11985778808594,23.0
2011,1649832.0,96.7126922607422,23.0
2012,1538630.0,98.7261734008789,23.0
2013,1614390.0,97.19091033935548,23.0
2014,1045047.0,,23.0
2015,1220239.0,,23.0
2016,958593.0,,23.0
2017,1414116.0,,23.0
2018,1722106.0,,23.0
2019,3427465.0,,23.0
2020,1663899.0,,23.0
2021,2041166.0,,23.0
2022,1654304.0,,23.0
2023,4593813.0,,23.0
2005,,96.96913146972656,58.0
2008,,96.9200210571289,58.0
2009,,97.04615020751952,58.0
2010,,97.00399780273438,58.0
2011,,96.95709228515624,58.0
2012,,97.05548095703124,58.0
2013,,95.64907836914062,58.0
2014,,95.57105255126952,58.0
2015,,95.01248931884766,58.0
2016,,95.0458984375,58.0
2017,,95.09342956542967,58.0
2018,,94.50183868408205,58.0
2019,,92.54103088378906,58.0
2020,,93.39079284667967,58.0
2021,,93.65328979492188,58.0
2022,,94.97344207763672,58.0
2006,1162829.0,68.6467514038086,20.0
2007,1743803.0,91.0385971069336,20.0
2008,2080356.0,91.55542755126952,20.0
2009,2758019.0,84.0025405883789,20.0
2010,1366339.0,97.85215759277344,20.0
2011,952076.0,,20.0
2012,1475928.0,95.39141845703124,20.0
2013,2493697.0,95.69571685791016,20.0
2014,1934439.0,94.7153091430664,20.0
2015,2238544.0,90.04093933105469,20.0
2016,2946055.0,,20.0
2017,1866976.0,,20.0
2018,2524877.0,,20.0
2019,5086645.0,,20.0
2020,3321466.0,,20.0
2021,4892486.0,,20.0
2022,5793540.0,,20.0
2023,8518080.0,,20.0
2006,1409239.0,,121.0
2007,1129898.0,78.72090148925781,121.0
2008,1160004.0,,121.0
2009,2605913.0,,121.0
2010,9682882.0,,121.0
2011,556679.0,,121.0
2012,1928414.0,,121.0
2013,2226455.0,,121.0
2014,1826468.0,,121.0
2015,1477242.0,,121.0
2016,1498009.0,,121.0
2017,1991486.0,,121.0
2018,2831858.0,,121.0
2019,5436704.0,,121.0
2020,2765202.0,,121.0
2021,4041561.0,,121.0
2022,4613853.0,,121.0
2023,7844678.0,,121.0
2006,6630101.0,,29.0
2007,6586892.0,79.57425689697266,29.0
2008,8843067.0,86.96095275878906,29.0
2009,16300124.0,88.01216125488281,29.0
2010,17540316.0,87.12114715576172,29.0
2011,20517674.0,98.52892303466795,29.0
2012,19207532.0,98.21454620361328,29.0
2013,19198808.0,,29.0
2014,18917624.0,,29.0
2015,15254982.0,,29.0
2016,9968004.0,91.86730194091795,29.0
2017,15042751.0,,29.0
2018,11760397.0,,29.0
2019,17885272.0,81.04794311523438,29.0
2020,14579189.0,81.19068908691406,29.0
2021,13922164.0,,29.0
2022,18179248.0,,29.0
2023,39609144.0,,29.0
2001,,99.41422271728516,34.0
2002,,93.60304260253906,34.0
2003,,94.0845184326172,34.0
2005,,89.1027603149414,34.0
2006,,87.12113952636719,34.0
2007,,73.94168853759766,34.0
2008,,84.29174041748047,34.0
2009,,87.6324462890625,34.0
2010,,93.89305877685548,34.0
2011,,93.47734832763672,34.0
2012,,91.43121337890624,34.0
2013,,91.94788360595705,34.0
2017,,93.8508529663086,34.0
2018,,93.33521270751952,34.0
2019,,91.76719665527344,34.0
2020,,91.738037109375,34.0
2021,,91.79229736328124,34.0
2022,,91.30567932128906,34.0
2006,416620.0,,143.0
2007,349790.0,,143.0
2008,957047.0,,143.0
2009,938490.0,,143.0
2010,1349218.0,,143.0
2011,1567778.0,,143.0
2012,1765286.0,,143.0
2013,2311288.0,,143.0
2014,2119057.0,,143.0
2015,2462544.0,,143.0
2016,1992465.0,95.64707946777344,143.0
2017,3167460.0,,143.0
2018,4587223.0,96.23388671875,143.0
2019,5745390.0,97.0843505859375,143.0
2020,3832425.0,,143.0
2021,3739739.0,96.43359375,143.0
2022,3154642.0,,143.0
2023,3816201.0,,143.0
2004,,94.4854965209961,8.0
2005,,94.16770935058594,8.0
2006,140553.0,88.38713836669922,8.0
2007,124772.0,91.33863067626952,8.0
2008,2572191.0,,8.0
2009,3716216.0,94.19418334960938,8.0
2010,2156643.0,89.61730194091797,8.0
2011,2553026.0,92.3030014038086,8.0
2012,4697755.0,80.50312042236328,8.0
2013,9175253.0,88.8597183227539,8.0
2014,7811476.0,91.80680847167967,8.0
2015,12255420.0,95.08483123779295,8.0
2016,9049147.0,96.0510482788086,8.0
2017,7414264.0,94.09153747558594,8.0
2018,3680653.0,90.46524810791016,8.0
2019,3948787.0,92.4047393798828,8.0
2020,7625403.0,92.55570220947266,8.0
2021,11869196.0,92.12503814697266,8.0
2022,5230342.0,93.7943115234375,8.0
2023,5580442.0,92.21320343017578,8.0
2024,,92.25827026367188,8.0
2001,,53.04277038574219,6.0
2008,31190.0,,6.0
2009,203967.0,,6.0
2010,112791.0,,6.0
2011,156558.0,,6.0
2012,278254.0,,6.0
2013,213961.0,,6.0
2014,330232.0,,6.0
2015,402852.0,,6.0
2016,55902.0,,6.0
2017,524233.0,,6.0
2018,499021.0,,6.0
2019,441704.0,,6.0
2020,223583.0,,6.0
2021,233986.0,,6.0
2022,278134.0,,6.0
2023,1641302.0,,6.0
2014,,98.0618667602539,26.0
2018,,95.93306732177734,26.0
2023,,100.0,26.0
2006,538838.0,89.00910949707031,13.0
2007,1817673.0,86.4039535522461,13.0
2008,2891655.0,86.45133972167969,13.0
2009,4047772.0,84.62078094482422,13.0
2010,1900891.0,87.15254974365234,13.0
2011,1739205.0,86.08741760253906,13.0
2012,1349502.0,85.9180679321289,13.0
2013,1417480.0,81.93573760986328,13.0
2014,1244547.0,80.72447204589844,13.0
2015,1327482.0,83.83309936523438,13.0
2016,1618054.0,87.3188705444336,13.0
2017,1881428.0,90.28614807128906,13.0
2018,2130535.0,92.10633087158205,13.0
2019,1656446.0,92.08020782470705,13.0
2020,2023068.0,96.11869049072266,13.0
2021,1052889.0,94.6861801147461,13.0
2022,1536815.0,95.39209747314452,13.0
2023,1351074.0,,13.0
2000,,96.91636657714844,161.0
2001,,92.9409408569336,161.0
2002,,90.9161605834961,161.0
2004,,96.69651794433594,161.0
2005,,94.83936309814452,161.0
2006,1166714.0,94.0714111328125,161.0
2007,1601443.0,95.0941162109375,161.0
2008,12784952.0,88.65451049804688,161.0
2009,19218416.0,86.38710021972656,161.0
2010,18822660.0,86.87077331542969,161.0
2011,19350280.0,91.98551940917967,161.0
2012,22528228.0,90.58432006835938,161.0
2013,21844744.0,90.69017791748048,161.0
2014,18951986.0,92.03530883789062,161.0
2015,16733110.0,95.63939666748048,161.0
2016,13683989.0,95.09069061279295,161.0
2017,17598196.0,97.350341796875,161.0
2018,16766821.0,96.73407745361328,161.0
2019,20593958.0,97.4178466796875,161.0
2020,22039644.0,97.39447784423828,161.0
2021,20014748.0,97.3777313232422,161.0
2022,30157296.0,96.77767944335938,161.0
2023,24425484.0,,161.0
2000,,100.0,181.0
2001,,99.06121826171876,181.0
2002,,99.6268081665039,181.0
2003,,99.80647277832033,181.0
2004,,99.94049835205078,181.0
2005,,99.5340576171875,181.0
2007,,90.54776763916016,181.0
2008,166481.0,98.83920288085938,181.0
2009,176252.0,98.94154357910156,181.0
2010,19917.0,99.50950622558594,181.0
2013,,98.33702087402344,181.0
2014,,100.0,181.0
2016,,100.0,181.0
2019,,97.09935760498048,181.0
2020,,99.93769073486328,181.0
2021,,98.33361053466795,181.0
2022,,98.96202850341795,181.0
2023,,98.57569122314452,181.0
2006,1357295.0,,2.0
2007,2123263.0,,2.0
2008,2589396.0,,2.0
2009,4820462.0,,2.0
2010,4857369.0,,2.0
2011,6160760.0,,2.0
2012,10535810.0,,2.0
2013,8954300.0,,2.0
2014,7966078.0,,2.0
2015,7058871.0,,2.0
2016,3250057.0,,2.0
2017,4015926.0,,2.0
2018,2689502.0,,2.0
2019,2210478.0,,2.0
2020,2062491.0,,2.0
2021,1115229.0,,2.0
2022,2064289.0,,2.0
2023,3520422.0,,2.0
2006,44618.0,,19.0
2007,91184.0,,19.0
2008,306155.0,,19.0
2009,642156.0,92.25155639648438,19.0
2010,740232.0,,19.0
2011,2174833.0,,19.0
2012,1327389.0,,19.0
2013,1809181.0,,19.0
2014,1222890.0,,19.0
2015,2012077.0,,19.0
2016,1210448.0,,19.0
2017,1418695.0,,19.0
2018,1534554.0,,19.0
2019,1422957.0,,19.0
2020,1274150.0,,19.0
2021,470705.0,,19.0
2022,485961.0,,19.0
2023,572615.0,,19.0
2005,,98.67668151855467,50.0
2006,564064.0,,50.0
2007,457775.0,98.90061950683594,50.0
2008,1033851.0,96.71090698242188,50.0
2009,1167316.0,,50.0
2010,1196788.0,95.83297729492188,50.0
2011,212652.0,,50.0
2012,884493.0,,50.0
2013,1760858.0,,50.0
2014,1371589.0,,50.0
2015,1225823.0,,50.0
2016,1338794.0,,50.0
2017,1717873.0,,50.0
2018,2573026.0,,50.0
2019,3554621.0,,50.0
2020,3254345.0,,50.0
2021,2315589.0,,50.0
2022,2548188.0,,50.0
2023,2038595.0,,50.0
2006,,92.4685287475586,193.0
2008,,90.53817749023438,193.0
2009,,88.36515045166016,193.0
2010,,87.65043640136719,193.0
2011,,85.19567108154297,193.0
2013,,90.97168731689452,193.0
2014,,91.40335845947266,193.0
2015,,91.26812744140624,193.0
2016,,92.79521942138672,193.0
2017,,89.64629364013672,193.0
2018,,89.99595642089844,193.0
2019,,93.7236328125,193.0
2020,,93.10611724853516,193.0
2021,,92.28018951416016,193.0
2022,,91.3281021118164,193.0
2000,,88.38175964355469,156.0
2001,,88.45276641845703,156.0
2002,,89.27420806884766,156.0
2003,,89.58756256103516,156.0
2004,,90.67154693603516,156.0
2005,,91.1794204711914,156.0
2006,,91.31257629394533,156.0
2007,,94.11165618896484,156.0
2008,,91.05184173583984,156.0
2009,,90.91226959228516,156.0
2010,,90.09613800048828,156.0
2011,,88.61274719238281,156.0
2012,,88.92549133300781,156.0
2013,,90.69132232666016,156.0
2014,,88.87777709960938,156.0
2015,,90.11190032958984,156.0
2016,,89.65959167480469,156.0
2000,,91.96147918701172,71.0
2002,,90.17135620117188,71.0
2003,,93.16863250732422,71.0
2004,,85.00910949707031,71.0
2005,,92.1443862915039,71.0
2006,641276.0,92.08556365966795,71.0
2007,1736646.0,92.59667205810548,71.0
2008,4511735.0,95.50289916992188,71.0
2009,6896320.0,94.9377899169922,71.0
2010,4046688.0,94.65514373779295,71.0
2011,4343115.0,94.1391830444336,71.0
2012,4651038.0,,71.0
2013,4076399.0,,71.0
2014,3730302.0,,71.0
2015,5037153.0,,71.0
2016,3816043.0,,71.0
2017,3718214.0,96.43901824951172,71.0
2018,,93.20255279541016,71.0
2019,,93.87255859375,71.0
2020,,93.4394302368164,71.0
2021,,93.4867172241211,71.0
2022,,92.12313842773438,71.0
2006,11310669.0,,15.0
2007,14158073.0,,15.0
2008,34564528.0,,15.0
2009,202716944.0,,15.0
2010,230793824.0,,15.0
2011,243005184.0,,15.0
2012,95023096.0,,15.0
2013,35094892.0,,15.0
2014,32515926.0,,15.0
2015,20243776.0,,15.0
2016,20603772.0,,15.0
2017,22253164.0,,15.0
2018,25466896.0,,15.0
2019,37773248.0,,15.0
2020,37960328.0,,15.0
2021,18195644.0,,15.0
2022,28771882.0,78.73941040039062,15.0
2023,23486854.0,80.23452758789062,15.0
2006,904804.0,,108.0
2007,793394.0,,108.0
2008,3570928.0,76.43399047851562,108.0
2009,5360670.0,100.0,108.0
2010,3730282.0,69.72982788085938,108.0
2011,3092644.0,86.3168716430664,108.0
2012,3731736.0,100.0,108.0
2013,9549410.0,63.22787094116211,108.0
2014,8436747.0,,108.0
2015,9440009.0,,108.0
2016,8921964.0,,108.0
2017,11011952.0,,108.0
2018,10412722.0,,108.0
2019,15394122.0,,108.0
2020,13745511.0,,108.0
2021,12105920.0,,108.0
2022,12044088.0,,108.0
2023,14004249.0,,108.0
2006,719897.0,,117.0
2007,652772.0,,117.0
2008,1426685.0,,117.0
2009,1388248.0,,117.0
2010,754024.0,65.30030059814453,117.0
2011,491307.0,,117.0
2012,753858.0,,117.0
2013,3856577.0,80.0354232788086,117.0
2014,4024978.0,,117.0
2015,4404878.0,,117.0
2016,4679274.0,,117.0
2017,4654287.0,,117.0
2018,6729616.0,,117.0
2019,8900204.0,,117.0
2020,7366328.0,,117.0
2021,5791531.0,,117.0
2022,6239778.0,,117.0
2023,8092051.0,,117.0
2006,438144.0,,72.0
2007,2532735.0,,72.0
2008,10892615.0,,72.0
2009,10265081.0,,72.0
2010,5659964.0,,72.0
2011,5721491.0,,72.0
2012,8391930.0,,72.0
2013,7871922.0,,72.0
2014,5803482.0,,72.0
2015,8451616.0,,72.0
2016,5877296.0,,72.0
2017,8729849.0,,72.0
2018,9011198.0,,72.0
2019,9923678.0,,72.0
2020,9809854.0,,72.0
2021,6600609.0,,72.0
2022,7949729.0,,72.0
2023,7753798.0,,72.0
2006,154875.0,,124.0
2007,128275.0,,124.0
2008,509546.0,,124.0
2009,460320.0,,124.0
2010,329095.0,,124.0
2011,70447.0,,124.0
2012,514173.0,,124.0
2013,4623185.0,,124.0
2014,5626272.0,,124.0
2015,5496780.0,99.99989318847656,124.0
2016,6052842.0,,124.0
2017,6026110.0,,124.0
2018,6265648.0,,124.0
2019,7843799.0,,124.0
2020,7329751.0,,124.0
2021,6163513.0,,124.0
2022,7066545.0,,124.0
2023,9892889.0,,124.0
2006,128192.0,,35.0
2007,639403.0,,35.0
2008,1683528.0,,35.0
2009,2413509.0,,35.0
2010,1428919.0,,35.0
2011,1494704.0,,35.0
2012,1715265.0,,35.0
2013,2071029.0,,35.0
2014,1527780.0,,35.0
2015,2177850.0,,35.0
2016,1038471.0,100.0,35.0
2017,1335559.0,100.0,35.0
2018,1523243.0,100.0,35.0
2019,1608431.0,90.22763061523438,35.0
2020,1068408.0,93.4814682006836,35.0
2021,952583.0,93.41295623779295,35.0
2022,1118926.0,,35.0
2023,1145872.0,97.38986206054688,35.0
2000,,85.56565856933594,67.0
2001,,84.14127349853516,67.0
2002,,85.85307312011719,67.0
2004,,81.50794219970703,67.0
2005,,84.76165008544922,67.0
2006,1139330.0,87.4369888305664,67.0
2007,1052425.0,96.9489974975586,67.0
2008,1470402.0,98.49717712402344,67.0
2009,3623124.0,98.67598724365234,67.0
2010,1467121.0,99.1841812133789,67.0
2011,946245.0,,67.0
2012,1569278.0,,67.0
2013,1386831.0,,67.0
2014,1282562.0,,67.0
2015,1308181.0,,67.0
2016,813153.0,,67.0
2017,1699623.0,,67.0
2018,1521792.0,,67.0
2019,1897253.0,,67.0
2020,1783974.0,,67.0
2021,1531061.0,,67.0
2022,1951109.0,,67.0
2023,2097362.0,,67.0
2013,,100.0,18.0
2000,,75.09578704833984,213.0
2001,,76.58495330810547,213.0
2002,,65.11627960205078,213.0
2003,,74.85652923583984,213.0
2004,,79.8711166381836,213.0
2005,,81.01312255859375,213.0
2006,,79.57293701171875,213.0
2007,,83.46749114990234,213.0
2008,,73.27976989746094,213.0
2009,,79.52156829833984,213.0
2010,,84.3904800415039,213.0
2011,,89.19265747070312,213.0
2013,,92.6045913696289,213.0
2014,,94.79678344726562,213.0
2015,,91.10131072998048,213.0
2016,,88.67207336425781,213.0
2017,,74.35856628417969,213.0
2019,,95.50318908691406,213.0
2020,,95.23394012451172,213.0
2021,,94.9684829711914,213.0
2022,,93.10272979736328,213.0
2000,,89.56826782226562,168.0
2001,,88.07283782958984,168.0
2002,,88.10249328613281,168.0
2003,,86.13452911376953,168.0
2004,,86.66905975341797,168.0
2005,,84.09227752685547,168.0
2006,,88.00811767578125,168.0
2007,,81.04811096191406,168.0
2008,,87.83778381347656,168.0
2009,,89.34781646728516,168.0
2010,,91.18357849121094,168.0
2011,,79.9026870727539,168.0
2012,,90.32064056396484,168.0
2013,,91.39515686035156,168.0
2014,,92.88912200927734,168.0
2015,,89.94429779052734,168.0
2016,,92.36292266845705,168.0
2017,,92.98040771484376,168.0
2018,,83.37705993652344,168.0
2019,,87.88126373291016,168.0
2020,,90.5194320678711,168.0
2021,,83.96991729736328,168.0
2022,,85.71498107910156,168.0
2012,,89.65425872802734,75.0
2013,,90.96864318847656,75.0
2014,,91.30486297607422,75.0
2015,,90.831298828125,75.0
2016,,91.60428619384766,75.0
2017,,91.47145080566406,75.0
2018,,91.7574234008789,75.0
2019,,91.15447998046876,75.0
2020,,90.30471801757812,75.0
2021,,91.05609893798828,75.0
2022,,90.76033782958984,75.0
2006,899036.0,,49.0
2007,495966.0,,49.0
2008,1696422.0,,49.0
2009,1816963.0,,49.0
2010,1381826.0,,49.0
2011,92817.0,,49.0
2012,944831.0,,49.0
2013,1379978.0,,49.0
2014,1257201.0,,49.0
2015,1139557.0,,49.0
2016,931127.0,,49.0
2017,1119279.0,,49.0
2018,1507571.0,,49.0
2019,2742469.0,,49.0
2020,1935560.0,,49.0
2021,1549697.0,,49.0
2022,1581837.0,,49.0
2023,2011684.0,,49.0
2006,10184.0,,165.0
2008,58416.0,,165.0
2009,206609.0,,165.0
2010,34819.0,,165.0
2011,87986.0,,165.0
2012,161124.0,,165.0
2013,259230.0,,165.0
2014,271081.0,,165.0
2015,198606.0,,165.0
2016,259261.0,,165.0
2017,530831.0,,165.0
2018,357369.0,,165.0
2019,615490.0,,165.0
2020,442904.0,,165.0
2021,253350.0,,165.0
2022,252659.0,,165.0
2023,257916.0,72.22473907470703,165.0
2000,,85.87447357177734,30.0
2001,,92.01242065429688,30.0
2002,,94.29781341552734,30.0
2003,,94.236572265625,30.0
2004,,94.42311096191406,30.0
2005,,96.62677001953124,30.0
2006,,96.52631378173828,30.0
2007,,96.3211669921875,30.0
2008,,95.47167205810548,30.0
2010,,97.20684814453124,30.0
2011,,98.10350036621094,30.0
2012,,92.2612762451172,30.0
2014,,96.88400268554688,30.0
2016,,87.83513641357422,30.0
2017,,95.23896026611328,30.0
2018,,95.13992309570312,30.0
2019,,95.6507797241211,30.0
2020,,93.40428924560548,30.0
2021,,94.47569274902344,30.0
2022,,95.54728698730467,30.0
2002,,97.40260314941406,32.0
2006,102539.0,,32.0
2007,386506.0,90.45379638671876,32.0
2008,667370.0,,32.0
2009,1385200.0,,32.0
2010,717515.0,,32.0
2011,547880.0,,32.0
2012,744850.0,,32.0
2013,671245.0,,32.0
2014,897126.0,,32.0
2015,854922.0,,32.0
2016,403991.0,,32.0
2017,660368.0,,32.0
2018,1024970.0,,32.0
2019,1337208.0,,32.0
2020,918668.0,,32.0
2021,1571117.0,,32.0
2022,1480344.0,,32.0
2023,1240466.0,,32.0
2006,2107635.0,,92.0
2007,2109241.0,,92.0
2008,5666565.0,,92.0
2009,7899968.0,,92.0
2010,7925473.0,,92.0
2011,2010512.0,,92.0
2012,5700561.0,,92.0
2013,20529114.0,,92.0
2014,20357694.0,,92.0
2015,16696258.0,,92.0
2016,17478832.0,,92.0
2017,21911936.0,,92.0
2018,22021652.0,,92.0
2019,23018902.0,,92.0
2020,22228498.0,,92.0
2021,23456676.0,,92.0
2022,25453360.0,,92.0
2023,29144264.0,78.29386138916016,92.0
2024,,91.54811096191406,92.0
2006,515482.0,,99.0
2007,2062170.0,,99.0
2008,3277899.0,,99.0
2009,3317912.0,,99.0
2010,1558479.0,,99.0
2011,1667524.0,,99.0
2012,1952194.0,,99.0
2013,2185648.0,,99.0
2014,1579859.0,,99.0
2015,2552762.0,,99.0
2016,2428307.0,,99.0
2017,2635517.0,,99.0
2018,3345474.0,,99.0
2019,3686268.0,91.248046875,99.0
2020,3674165.0,92.90219116210938,99.0
2021,3212916.0,90.76183319091795,99.0
2022,4473976.0,91.80226135253906,99.0
2023,3276124.0,91.28713989257812,99.0
2024,,89.67814636230469,99.0
2006,1128087.0,,95.0
2007,764176.0,,95.0
2008,6465908.0,,95.0
2009,9773985.0,,95.0
2010,8558144.0,,95.0
2011,8220699.0,,95.0
2012,10740405.0,,95.0
2013,11115059.0,,95.0
2014,17674772.0,,95.0
2015,15870030.0,,95.0
2016,16732776.0,,95.0
2017,20351584.0,,95.0
2018,17736068.0,,95.0
2019,21865568.0,,95.0
2020,20832672.0,,95.0
2021,16261198.0,,95.0
2022,15654102.0,,95.0
2023,20449992.0,,95.0
2000,,47.13957977294922,118.0
2002,,24.02363967895508,118.0
2004,,63.74328994750977,118.0
2006,189932.0,,118.0
2007,3060.0,,118.0
2008,139861.0,,118.0
2009,506357.0,,118.0
2010,66566.0,,118.0
2011,134894.0,,118.0
2012,110796.0,,118.0
2013,221444.0,,118.0
2014,109704.0,,118.0
2015,80341.0,,118.0
2016,2503449.0,,118.0
2017,5527827.0,,118.0
2018,1411418.0,,118.0
2019,4498718.0,,118.0
2020,1699557.0,,118.0
2021,775134.0,,118.0
2022,795506.0,,118.0
2023,14494003.0,,118.0
2000,,78.43769073486328,182.0
2001,,79.98191833496094,182.0
2002,,80.48780822753906,182.0
2003,,79.79625701904297,182.0
2004,,80.99179077148438,182.0
2005,,83.15673065185547,182.0
2006,,81.85679626464844,182.0
2007,,80.41320037841797,182.0
2008,,79.35883331298828,182.0
2009,,81.21681213378906,182.0
2010,,81.58042907714844,182.0
2012,,84.32987213134766,182.0
2013,,86.9315185546875,182.0
2014,,87.7461929321289,182.0
2015,,87.11534118652344,182.0
2016,,88.84574127197266,182.0
2017,,87.70726776123047,182.0
2018,,88.26364135742188,182.0
2019,,88.32012939453125,182.0
2020,,87.67170715332031,182.0
2021,,86.69661712646484,182.0
2022,,85.88509368896484,182.0
2001,,88.70967864990234,153.0
2002,,95.67900848388672,153.0
2003,,98.71465301513672,153.0
2004,,99.49239349365234,153.0
2013,,91.92256927490234,153.0
2014,,94.80679321289062,153.0
2015,,89.25479125976562,153.0
2016,,95.8788604736328,153.0
2017,,91.2416763305664,153.0
2018,,82.15035247802734,153.0
2019,,88.15632629394531,153.0
2020,,90.74845123291016,153.0
2021,,91.85350799560548,153.0
2022,,94.12139892578124,153.0
2006,2453257.0,,64.0
2007,1929645.0,,64.0
2008,3162483.0,,64.0
2009,8441345.0,46.66347885131836,64.0
2010,3878482.0,42.91680145263672,64.0
2011,5051035.0,44.13161087036133,64.0
2012,6076519.0,47.79684066772461,64.0
2013,7241339.0,47.94802856445313,64.0
2014,5653660.0,43.76411819458008,64.0
2015,7644891.0,,64.0
2016,6491437.0,,64.0
2017,6294977.0,,64.0
2018,7342334.0,,64.0
2019,18712372.0,,64.0
2020,11203320.0,,64.0
2021,13584616.0,,64.0
2022,18265188.0,,64.0
2023,22766878.0,,64.0
2000,,93.53958129882812,27.0
2001,,93.26782989501952,27.0
2002,,94.39987182617188,27.0
2003,,95.013427734375,27.0
2004,,94.09455108642578,27.0
2005,,95.6351318359375,27.0
2006,,95.57373809814452,27.0
2007,,96.72377014160156,27.0
2008,,95.98822021484376,27.0
2009,,96.07425689697266,27.0
2010,,97.5771713256836,27.0
2011,,96.21311950683594,27.0
2012,,96.654296875,27.0
2013,,97.00694274902344,27.0
2014,,97.06343841552734,27.0
2015,,95.85166931152344,27.0
2016,,96.59461212158205,27.0
2017,,94.16574096679688,27.0
2018,,96.93282318115234,27.0
2019,,95.64710998535156,27.0
2020,,95.7952117919922,27.0
2021,,94.92062377929688,27.0
2022,,96.99738311767578,27.0
2006,3535428.0,,190.0
2007,1926658.0,,190.0
2008,1176662.0,,190.0
2009,6171611.0,,190.0
2010,7113299.0,,190.0
2011,7149936.0,,190.0
2012,4893004.0,,190.0
2013,5058408.0,,190.0
2014,5967468.0,,190.0
2015,7108443.0,,190.0
2016,5522940.0,,190.0
2017,3199857.0,,190.0
2018,6931062.0,,190.0
2019,4726948.0,,190.0
2020,6081220.0,,190.0
2021,1340631.0,,190.0
2022,2601443.0,,190.0
2023,4669824.0,,190.0
2017,,91.83866119384766,179.0
2018,,91.94023895263672,179.0
2019,,91.87554168701172,179.0
2020,,91.57879638671876,179.0
2021,,91.03782653808594,179.0
2022,,90.43644714355467,179.0
2006,1425360.0,,130.0
2007,674213.0,,130.0
2008,817151.0,,130.0
2009,753418.0,,130.0
2010,281684.0,,130.0
2011,93979.0,,130.0
2012,74438.0,,130.0
2013,124713.0,,130.0
2014,120503.0,,130.0
2015,197962.0,,130.0
2016,161430.0,,130.0
2017,1463653.0,,130.0
2018,265351.0,,130.0
2019,180142.0,,130.0
2020,113695.0,,130.0
2021,72036.0,,130.0
2022,61844.0,,130.0
2023,61520.0,,130.0
2006,973738.0,,101.0
2007,737273.0,,101.0
2008,1399708.0,,101.0
2009,1694012.0,,101.0
2010,1030447.0,,101.0
2011,457076.0,,101.0
2012,353392.0,,101.0
2013,2019240.0,,101.0
2014,1983952.0,,101.0
2015,1820251.0,,101.0
2016,1881049.0,,101.0
2017,2066003.0,,101.0
2018,2203969.0,,101.0
2019,3071341.0,,101.0
2020,2975994.0,,101.0
2021,3099418.0,,101.0
2022,3214145.0,,101.0
2023,3821058.0,,101.0
2006,520291.0,,163.0
2007,447148.0,,163.0
2008,1367282.0,,163.0
2009,2885330.0,,163.0
2010,2234191.0,,163.0
2011,3025506.0,,163.0
2012,2645275.0,,163.0
2013,6276453.0,,163.0
2014,4451787.0,,163.0
2015,4099033.0,92.08910369873048,163.0
2016,3996432.0,,163.0
2017,5785710.0,,163.0
2018,6168541.0,,163.0
2019,7656625.0,,163.0
2020,9007454.0,,163.0
2021,6614646.0,,163.0
2022,7204344.0,,163.0
2023,7126118.0,,163.0
2001,,99.67169189453124,44.0
2004,,89.61747741699219,44.0
2005,,81.52819061279297,44.0
2006,438073.0,85.13902282714844,44.0
2007,526879.0,73.12461853027344,44.0
2008,399103.0,77.42906188964844,44.0
2009,3493864.0,79.27008819580078,44.0
2010,2132813.0,73.31316375732422,44.0
2011,4704503.0,,44.0
2012,4997012.0,98.64945220947266,44.0
2013,6032691.0,93.6432876586914,44.0
2014,4895485.0,77.26573181152344,44.0
2015,6958217.0,,44.0
2016,6399499.0,,44.0
2017,9462183.0,,44.0
2018,10237995.0,,44.0
2019,14834930.0,,44.0
2020,14277792.0,,44.0
2021,11522790.0,,44.0
2022,12982380.0,,44.0
2023,13779504.0,,44.0
2006,700328.0,,167.0
2007,696135.0,,167.0
2008,953923.0,96.69541931152344,167.0
2009,1164182.0,89.57691955566406,167.0
2010,582368.0,75.63748168945312,167.0
2011,383319.0,94.58229064941406,167.0
2012,694676.0,98.41378021240234,167.0
2013,2916474.0,66.82398223876953,167.0
2014,3022693.0,72.97679138183594,167.0
2015,2791873.0,72.97679138183594,167.0
2016,3150396.0,72.97679138183594,167.0
2017,3950168.0,72.97679138183594,167.0
2018,4555757.0,72.61669921875,167.0
2019,6157899.0,96.66383361816406,167.0
2020,8048210.0,98.6220703125,167.0
2021,7112904.0,,167.0
2022,7182474.0,,167.0
2023,12502989.0,,167.0
2006,29432.0,,53.0
2007,3150.0,,53.0
2008,115219.0,95.60665893554688,53.0
2009,260758.0,100.0,53.0
2010,241967.0,85.96138763427734,53.0
2011,1254466.0,87.3846435546875,53.0
2012,749869.0,84.78057861328125,53.0
2013,1231377.0,,53.0
2014,740880.0,,53.0
2015,1150129.0,,53.0
2016,734670.0,,53.0
2017,1236303.0,,53.0
2018,2144413.0,,53.0
2019,4875476.0,,53.0
2020,4645023.0,,53.0
2021,3882712.0,,53.0
2022,4376205.0,,53.0
2023,8906923.0,,53.0
2006,1060335.0,,167.0
2007,1015488.0,,167.0
2008,1393436.0,,167.0
2009,1144943.0,,167.0
2010,955411.0,71.62505340576172,167.0
2011,761534.0,62.82609939575195,167.0
2012,839988.0,76.6955795288086,167.0
2013,802697.0,95.27085876464844,167.0
2014,622932.0,,167.0
2015,511569.0,,167.0
2016,692205.0,,167.0
2017,943944.0,,167.0
2018,1560253.0,,167.0
2019,2492454.0,,167.0
2020,2064800.0,,167.0
2021,1611226.0,,167.0
2022,1636535.0,,167.0
2023,3520028.0,,167.0
2006,189239.0,,97.0
2007,561803.0,,97.0
2008,380572.0,,97.0
2009,504549.0,,97.0
2010,107843.0,,97.0
2011,61644.0,,97.0
2012,1997300.0,,97.0
2013,249082.0,,97.0
2014,271144.0,,97.0
2015,191514.0,,97.0
2016,131464.0,,97.0
2017,306783.0,,97.0
2018,344392.0,,97.0
2019,567464.0,,97.0
2020,551577.0,,97.0
2021,461597.0,,97.0
2022,528534.0,,97.0
2023,219939.0,,97.0
2000,,75.61976623535156,135.0
2001,,60.09439086914063,135.0
2002,,59.92127990722656,135.0
2003,,59.22006988525391,135.0
2004,,66.72705078125,135.0
2005,,65.84200286865234,135.0
2015,,58.25056838989258,135.0
2016,,57.38785171508789,135.0
2017,,56.68915176391602,135.0
2018,,56.11993026733398,135.0
2019,,52.47840118408203,135.0
2022,,55.68194961547852,135.0
2003,,81.35730743408203,70.0
2009,25969.0,,70.0
2010,56799.0,,70.0
2011,57880.0,,70.0
2012,143896.0,,70.0
2013,168104.0,,70.0
2014,233078.0,,70.0
2015,323205.0,,70.0
2016,59705.0,,70.0
2017,164938.0,,70.0
2018,137447.0,,70.0
2019,45381.0,,70.0
2020,123284.0,,70.0
2021,95233.0,,70.0
2022,111293.0,,70.0
2023,23512.0,,70.0
2006,622486.0,100.0,68.0
2007,996186.0,,68.0
2008,830415.0,95.69922637939452,68.0
2009,1531970.0,,68.0
2010,1214986.0,100.0,68.0
2011,1150690.0,100.0,68.0
2012,1425571.0,96.6588134765625,68.0
2013,1317816.0,92.61538696289062,68.0
2014,984377.0,95.53704833984376,68.0
2015,1245985.0,81.0210189819336,68.0
2016,609871.0,99.23861694335938,68.0
2017,811826.0,97.47502136230467,68.0
2018,629905.0,87.83683776855469,68.0
2019,939125.0,88.15460205078125,68.0
2020,1076357.0,89.98223876953125,68.0
2021,1422782.0,94.99732971191406,68.0
2022,1576628.0,100.0,68.0
2023,2992775.0,99.50299835205078,68.0
2024,,99.48761749267578,68.0
2002,,82.6039810180664,201.0
2004,,93.35015869140624,201.0
2005,,91.49433135986328,201.0
2006,,86.0408935546875,201.0
2007,,92.77562713623048,201.0
2008,64506.0,,201.0
2009,158324.0,85.5700912475586,201.0
2010,81926.0,94.081787109375,201.0
2011,184107.0,94.1259994506836,201.0
2012,397029.0,93.13165283203124,201.0
2013,281140.0,,201.0
2014,470324.0,,201.0
2015,986781.0,,201.0
2016,402494.0,,201.0
2017,1252058.0,,201.0
2018,1184182.0,,201.0
2019,716115.0,,201.0
2020,503276.0,,201.0
2021,558062.0,,201.0
2022,677285.0,,201.0
2023,1653930.0,,201.0
2004,,95.93238067626952,116.0
2005,,95.80699920654295,116.0
2007,,77.7868423461914,116.0
2008,,76.452880859375,116.0
2009,,38.45718002319336,116.0
2010,,80.1767807006836,116.0
2011,,72.4811782836914,116.0
2012,,60.16257095336914,116.0
2006,94809.0,,54.0
2007,780221.0,,54.0
2008,2450761.0,,54.0
2009,1216075.0,,54.0
2010,615335.0,,54.0
2011,772588.0,,54.0
2012,676938.0,89.90424346923828,54.0
2013,840698.0,78.43273162841797,54.0
2014,788879.0,91.17340850830078,54.0
2015,994172.0,91.0435791015625,54.0
2016,488637.0,90.5201187133789,54.0
2017,686720.0,92.20218658447266,54.0
2018,731783.0,91.96585845947266,54.0
2019,905849.0,89.97689056396484,54.0
2020,874342.0,,54.0
2021,781866.0,,54.0
2022,1023385.0,,54.0
2023,1099318.0,,54.0
2000,,96.8577880859375,85.0
2001,,94.40281677246094,85.0
2002,,91.28465270996094,85.0
2003,,92.95545196533205,85.0
2004,,97.50225067138672,85.0
2006,297864.0,,85.0
2007,270894.0,92.854248046875,85.0
2008,695296.0,98.77638244628906,85.0
2009,1079526.0,82.78279876708984,85.0
2010,895513.0,87.6418228149414,85.0
2011,,90.16062927246094,85.0
2013,,92.86614990234376,85.0
2014,,91.2305679321289,85.0
2015,,90.11405181884766,85.0
2017,,91.34732818603516,85.0
2018,,93.71732330322266,85.0
2019,,88.63796997070312,85.0
2020,,85.71253967285156,85.0
2021,,89.20793151855469,85.0
2006,965310.0,,91.0
2007,868783.0,,91.0
2008,1487696.0,,91.0
2009,1958778.0,,91.0
2010,24507712.0,,91.0
2011,338452.0,,91.0
2012,2471181.0,,91.0
2013,3486771.0,,91.0
2014,3913170.0,,91.0
2015,3956194.0,,91.0
2016,3729060.0,,91.0
2017,4474501.0,,91.0
2018,4803402.0,,91.0
2019,5269417.0,,91.0
2020,4867286.0,,91.0
2021,4784882.0,,91.0
2022,5296745.0,,91.0
2023,6891842.0,,91.0
2000,,82.37332153320312,202.0
2001,,82.23696899414062,202.0
2002,,82.6889877319336,202.0
2003,,85.17314147949219,202.0
2004,,87.28858947753906,202.0
2005,,87.569580078125,202.0
2006,,88.5130386352539,202.0
2007,,90.59786224365234,202.0
2008,,91.02259826660156,202.0
2009,,84.11634826660156,202.0
2010,,88.56397247314453,202.0
2011,,86.02092742919922,202.0
2012,,92.6906280517578,202.0
2013,,90.41232299804688,202.0
2014,,86.95716857910156,202.0
2015,,89.86564636230469,202.0
2016,,83.49463653564453,202.0
2017,,81.1424789428711,202.0
2018,,81.32746887207031,202.0
2019,,82.27159881591797,202.0
2020,,78.92935943603516,202.0
2021,,89.35626983642578,202.0
2022,,93.00110626220705,202.0
2006,60415116.0,,196.0
2007,71622968.0,88.04344177246094,196.0
2008,54670460.0,86.12116241455078,196.0
2009,66359344.0,78.36518859863281,196.0
2010,72858008.0,72.88275146484375,196.0
2011,63177104.0,74.56310272216797,196.0
2012,71907904.0,71.74282836914062,196.0
2013,82296120.0,80.32759094238281,196.0
2014,78388752.0,81.36653137207031,196.0
2015,76790424.0,77.75630950927734,196.0
2016,64252996.0,,196.0
2017,38326568.0,,196.0
2018,59915532.0,,196.0
2019,59986032.0,,196.0
2020,63747184.0,,196.0
2021,22288584.0,,196.0
2022,37663760.0,,196.0
2023,60732796.0,,196.0
2000,,98.81993103027344,186.0
2003,,99.03711700439452,186.0
2004,,98.29631042480467,186.0
2005,,97.54556274414062,186.0
2006,1232553.0,,186.0
2007,2512190.0,,186.0
2008,16176262.0,,186.0
2009,18802220.0,,186.0
2010,23110220.0,,186.0
2011,20843724.0,,186.0
2012,20240172.0,,186.0
2013,24065336.0,,186.0
2014,18644636.0,,186.0
2015,17864036.0,,186.0
2016,12323170.0,,186.0
2017,18031648.0,,186.0
2018,21928964.0,,186.0
2019,30762936.0,,186.0
2020,30949054.0,,186.0
2021,22417628.0,,186.0
2022,69495808.0,,186.0
2023,59634404.0,,186.0
2000,,84.03285217285156,24.0
2001,,81.59615325927734,24.0
2002,,86.93949890136719,24.0
2003,,95.08145141601562,24.0
2004,,94.68006134033205,24.0
2005,,95.05998229980467,24.0
2006,,93.46578216552734,24.0
2007,,91.68440246582033,24.0
2008,,90.7181396484375,24.0
2009,,88.9610595703125,24.0
2010,,89.51129913330078,24.0
2011,,93.00382995605467,24.0
2012,,94.09687042236328,24.0
2013,,93.11226654052734,24.0
2014,,94.03874206542967,24.0
2015,,94.4220733642578,24.0
2016,,95.83831024169922,24.0
2017,,98.24163055419922,24.0
2018,,98.267578125,24.0
2019,,97.4381332397461,24.0
2020,,96.98880767822266,24.0
2021,,97.39807891845705,24.0
2000,,83.95287322998047,103.0
2002,,82.15425872802734,103.0
2006,590932.0,,103.0
2007,553376.0,,103.0
2008,3019593.0,,103.0
2009,7839750.0,,103.0
2010,4368675.0,,103.0
2011,6159878.0,,103.0
2012,7430842.0,,103.0
2013,7592292.0,95.4652099609375,103.0
2014,6908238.0,93.7153091430664,103.0
2015,6675905.0,96.00628662109376,103.0
2016,6622256.0,94.55021667480467,103.0
2017,7014326.0,87.48957061767578,103.0
2018,7813842.0,88.67159271240234,103.0
2019,17181104.0,92.1641082763672,103.0
2020,15428905.0,90.07811737060548,103.0
2021,12685403.0,,103.0
2022,32309688.0,91.69612884521484,103.0
2023,31314996.0,,103.0
2006,1028835.0,,137.0
2007,187661280.0,,137.0
2008,195759776.0,,137.0
2009,10902798.0,,137.0
2010,8910263.0,,137.0
2011,12813958.0,,137.0
2012,12912378.0,,137.0
2013,8018338.0,,137.0
2014,3851563.0,,137.0
2015,6379226.0,,137.0
2016,4452317.0,,137.0
2017,5661173.0,,137.0
2018,7345385.0,,137.0
2019,12623420.0,,137.0
2020,8385073.0,,137.0
2021,11592684.0,,137.0
2022,12251433.0,,137.0
2023,11458669.0,,137.0
2004,,91.51029205322266,106.0
2005,,95.0027313232422,106.0
2006,,92.41845703125,106.0
2007,,82.05169677734375,106.0
2008,,91.2925033569336,106.0
2009,,99.9460678100586,106.0
2010,,93.51676940917967,106.0
2011,,95.72183227539062,106.0
2012,,94.41593933105467,106.0
2013,,94.92253112792967,106.0
2014,,94.76416778564452,106.0
2015,,93.6175765991211,106.0
2016,,93.41053009033205,106.0
2017,,97.58984375,106.0
2018,,96.95555877685548,106.0
2019,,96.44790649414062,106.0
2020,,97.9571304321289,106.0
2021,,97.9938507080078,106.0
2022,,97.59522247314452,106.0
2000,,90.84158325195312,74.0
2001,,92.81436920166016,74.0
2002,,92.01680755615234,74.0
2003,,90.29650115966795,74.0
2004,,88.69048309326172,74.0
2005,,87.6790771484375,74.0
2006,,89.7196273803711,74.0
2007,,90.33332824707033,74.0
2008,,87.66667175292969,74.0
2009,,86.6220703125,74.0
2010,,81.78439331054688,74.0
2011,,83.60128784179688,74.0
2012,,83.13253021240234,74.0
2013,,78.17108917236328,74.0
2014,,75.60975646972656,74.0
2015,,86.32327270507812,74.0
2016,,87.3668212890625,74.0
2017,,86.40776824951172,74.0
2018,,85.76873779296875,74.0
2019,,87.56038665771484,74.0
2020,,81.35888671875,74.0
2021,,77.64933013916016,74.0
2022,,82.62068939208984,74.0
2000,,82.84947967529297,3.0
2001,,83.02799224853516,3.0
2002,,83.39746856689453,3.0
2003,,86.65119171142578,3.0
2004,,88.77046966552734,3.0
2005,,89.35576629638672,3.0
2006,,89.26924896240234,3.0
2007,,88.14724731445312,3.0
2008,,88.93183135986328,3.0
2009,,91.02822875976562,3.0
2010,,91.7107925415039,3.0
2011,,90.91516876220705,3.0
2012,,90.75739288330078,3.0
2013,,84.9906234741211,3.0
2014,,90.8093490600586,3.0
2015,,90.43708801269533,3.0
2016,,92.870849609375,3.0
2017,,93.68730926513672,3.0
2018,,90.62296295166016,3.0
2019,,90.95092010498048,3.0
2020,,90.38697814941406,3.0
2021,,90.57662963867188,3.0
2022,,90.7516098022461,3.0
2002,,84.73111724853516,194.0
2004,,99.3540496826172,194.0
2005,,99.68119049072266,194.0
2008,142868.0,100.0,194.0
2009,627165.0,100.0,194.0
2010,248636.0,,194.0
2011,369289.0,95.51692962646484,194.0
2012,670147.0,99.22306060791016,194.0
2013,505992.0,,194.0
2014,832822.0,98.14045715332033,194.0
2015,1265333.0,98.28215789794922,194.0
2016,490935.0,95.78749084472656,194.0
2017,1648356.0,95.29931640625,194.0
2018,1489272.0,98.08551025390624,194.0
2019,1129040.0,99.51544952392578,194.0
2020,995647.0,,194.0
2021,1169987.0,99.93475341796876,194.0
2022,843751.0,99.9674301147461,194.0
2023,407439.0,,194.0
2024,,100.0,194.0
2006,581689.0,,115.0
2007,1695344.0,,115.0
2008,2619640.0,,115.0
2009,3917415.0,,115.0
2010,3675696.0,,115.0
2011,3655122.0,,115.0
2012,3775472.0,,115.0
2013,3868430.0,,115.0
2014,6139685.0,,115.0
2015,4917008.0,,115.0
2016,6626514.0,68.0528564453125,115.0
2017,9805095.0,94.46800994873048,115.0
2018,14716410.0,27.16605949401855,115.0
2019,21423856.0,35.30863189697266,115.0
2020,20090218.0,,115.0
2021,17573192.0,36.47111892700195,115.0
2022,23102152.0,,115.0
2023,21729904.0,,115.0
2024,,41.15671920776367,115.0
2000,,79.15941619873047,42.0
2001,,82.70552825927734,42.0
2002,,84.44812774658203,42.0
2003,,82.1388168334961,42.0
2004,,84.84323120117188,42.0
2005,,91.52937316894533,42.0
2006,,88.09105682373047,42.0
2007,,90.47663116455078,42.0
2008,,87.6746597290039,42.0
2010,,81.12226104736328,42.0
2011,,87.94441223144531,42.0
2012,,85.97132110595703,42.0
2013,,80.28836059570312,42.0
2014,,83.49015808105469,42.0
2015,,88.82556915283203,42.0
2016,,89.60054016113281,42.0
2017,,89.91771697998047,42.0
2018,,91.80464935302734,42.0
2019,,89.55756378173828,42.0
2020,,87.09036254882812,42.0
2021,,87.26087188720703,42.0
2002,,79.9055404663086,104.0
2004,,77.45912170410156,104.0
2005,,82.46131134033203,104.0
2006,190711.0,85.97785186767578,104.0
2007,393119.0,84.60334014892578,104.0
2008,2450618.0,86.51290893554688,104.0
2009,2524121.0,89.39427947998047,104.0
2010,3525135.0,86.36058807373047,104.0
2011,3968554.0,90.69400787353516,104.0
2012,3364266.0,88.70845031738281,104.0
2013,4089789.0,92.95329284667967,104.0
2014,2869694.0,95.72962188720705,104.0
2015,3524369.0,94.24053192138672,104.0
2016,4361058.0,95.20702362060548,104.0
2017,5711932.0,95.72116088867188,104.0
2018,4995602.0,97.53900146484376,104.0
2019,13937718.0,100.0,104.0
2020,11960109.0,,104.0
2021,11250964.0,,104.0
2022,18066744.0,,104.0
2023,19410804.0,,104.0
2006,1079800.0,,123.0
2007,1084309.0,,123.0
2008,4143752.0,,123.0
2009,6293197.0,,123.0
2010,4082350.0,,123.0
2011,6925533.0,97.2603988647461,123.0
2012,6761821.0,92.87848663330078,123.0
2013,8513920.0,100.0,123.0
2014,6122559.0,100.0,123.0
2015,8624295.0,97.61831665039062,123.0
2016,5743144.0,,123.0
2017,9039387.0,,123.0
2018,8435821.0,,123.0
2019,12209247.0,,123.0
2020,12502520.0,,123.0
2021,8786946.0,,123.0
2022,10543984.0,,123.0
2023,10825448.0,,123.0
2005,,93.1191177368164,78.0
2006,314595.0,92.69522094726562,78.0
2007,904455.0,89.46533203125,78.0
2008,2249222.0,86.69242095947266,78.0
2009,3194815.0,89.91029357910156,78.0
2010,3348052.0,93.77452850341795,78.0
2011,4122601.0,,78.0
2012,3852860.0,95.2631378173828,78.0
2013,3465937.0,93.8756866455078,78.0
2014,3176387.0,99.2797393798828,78.0
2015,3375252.0,99.69454956054688,78.0
2016,3474627.0,99.57819366455078,78.0
2017,3020293.0,99.7833023071289,78.0
2018,3033582.0,99.91507720947266,78.0
2019,9623614.0,97.7126693725586,78.0
2020,7951582.0,99.3889617919922,78.0
2021,8882882.0,97.99388885498048,78.0
2022,10428142.0,,78.0
2023,12642797.0,,78.0
2006,5034894.0,,211.0
2007,8972547.0,,211.0
2008,4217671.0,,211.0
2009,14448883.0,100.0,211.0
2010,9841147.0,100.0,211.0
2011,12913992.0,100.0,211.0
2012,14054100.0,100.0,211.0
2013,15813763.0,100.0,211.0
2014,22467380.0,100.0,211.0
2015,13980281.0,,211.0
2016,13045385.0,,211.0
2017,13806528.0,,211.0
2018,14355450.0,,211.0
2019,15111712.0,,211.0
2020,15597333.0,,211.0
2021,8191979.0,,211.0
2022,11714192.0,,211.0
2023,19276238.0,,211.0
2006,2419498.0,,119.0
2007,1961940.0,,119.0
2008,3251384.0,,119.0
2009,4036678.0,,119.0
2010,6615903.0,,119.0
2011,5158948.0,,119.0
2012,4619383.0,,119.0
2013,2504989.0,,119.0
2014,2328534.0,,119.0
2015,3416559.0,,119.0
2016,3345639.0,,119.0
2017,2222613.0,,119.0
2018,3862075.0,,119.0
2019,3159394.0,,119.0
2020,3633712.0,,119.0
2021,1594023.0,,119.0
2022,2185321.0,,119.0
2023,2401387.0,,119.0
2008,13412.0,,170.0
2009,15385.0,,170.0
2010,47240.0,,170.0
2011,18913.0,,170.0
2012,194382.0,,170.0
2013,277095.0,,170.0
2016,,100.0,170.0
2002,,82.52400207519531,199.0
2005,,83.99851989746094,199.0
2002,,99.57299041748048,51.0
2004,,99.57341766357422,51.0
2005,,99.5766830444336,51.0
2006,884635.0,99.5766830444336,51.0
2007,721178.0,99.37581634521484,51.0
2008,3765804.0,97.4076919555664,51.0
2009,3662236.0,,51.0
2010,2087330.0,97.73623657226562,51.0
2011,1568335.0,97.68540954589844,51.0
2012,2238801.0,100.0,51.0
2013,5028441.0,,51.0
2014,2638717.0,,51.0
2015,3025449.0,,51.0
2016,3971063.0,,51.0
2017,5033436.0,,51.0
2018,4689153.0,,51.0
2019,5981409.0,,51.0
2020,7665338.0,,51.0
2021,7562904.0,,51.0
2022,12525814.0,,51.0
2023,12503148.0,,51.0
2007,13309.0,,88.0
2008,376037.0,,88.0
2009,212729.0,,88.0
2010,81704.0,,88.0
2011,1206986.0,,88.0
2012,998539.0,,88.0
2013,1573155.0,,88.0
2014,831323.0,,88.0
2015,1059288.0,,88.0
2016,412849.0,,88.0
2017,1492647.0,,88.0
2018,695752.0,,88.0
2019,1705273.0,,88.0
2020,1601878.0,,88.0
2021,1386755.0,,88.0
2022,1431103.0,,88.0
2023,5788864.0,,88.0
2006,13179.0,,138.0
2007,14136.0,,138.0
2008,164414.0,,138.0
2009,135644.0,,138.0
2010,247114.0,,138.0
2011,1405551.0,,138.0
2012,1040925.0,,138.0
2013,786990.0,,138.0
2014,811393.0,,138.0
2015,1351203.0,,138.0
2016,460658.0,,138.0
2017,1998213.0,,138.0
2018,1857492.0,,138.0
2019,3644412.0,,138.0
2020,3682289.0,,138.0
2021,3530039.0,,138.0
2022,3148801.0,,138.0
2023,6924726.0,,138.0
2000,,99.76789093017578,171.0
2006,15315.0,,171.0
2008,84611.0,,171.0
2009,384339.0,,171.0
2010,183268.0,,171.0
2011,128009.0,,171.0
2012,374187.0,,171.0
2013,258500.0,,171.0
2014,521572.0,,171.0
2015,517724.0,,171.0
2016,266393.0,,171.0
2017,603973.0,,171.0
2018,641390.0,,171.0
2019,729999.0,,171.0
2020,589721.0,,171.0
2021,505142.0,,171.0
2022,301331.0,,171.0
2023,100162.0,100.0,171.0
2006,3402684.0,,14.0
2007,2447910.0,,14.0
2008,3218376.0,,14.0
2009,6318164.0,,14.0
2010,7837070.0,63.6061897277832,14.0
2011,10016271.0,56.92023086547852,14.0
2012,10312700.0,64.22557830810547,14.0
2013,11106550.0,59.68399810791016,14.0
2014,10409351.0,55.3330192565918,14.0
2015,10030120.0,59.15108871459961,14.0
2016,7253040.0,59.13153076171875,14.0
2017,6562600.0,65.32141876220703,14.0
2018,7493122.0,60.67657089233398,14.0
2019,9330738.0,,14.0
2020,10058882.0,,14.0
2021,6120820.0,,14.0
2022,10026796.0,,14.0
2023,12573232.0,,14.0
2001,,96.4691390991211,128.0
2007,178237.0,,128.0
2008,524042.0,96.18173217773438,128.0
2009,670810.0,,128.0
2010,522738.0,,128.0
2011,1016410.0,,128.0
2012,662605.0,,128.0
2013,986352.0,,128.0
2014,634895.0,,128.0
2015,963590.0,,128.0
2016,436039.0,,128.0
2017,970317.0,,128.0
2018,383789.0,100.0,128.0
2019,619387.0,,128.0
2020,369353.0,,128.0
2021,369764.0,,128.0
2022,360062.0,,128.0
2023,224674.0,,128.0
2001,,93.58950805664062,21.0
2002,,91.42323303222656,21.0
2003,,92.6911163330078,21.0
2004,,90.52176666259766,21.0
2005,,89.34696197509766,21.0
2006,,85.98385620117188,21.0
2007,,82.94127655029297,21.0
2008,,87.50060272216797,21.0
2009,,91.38186645507812,21.0
2010,,83.0339584350586,21.0
2011,,75.0722885131836,21.0
2012,,75.3093490600586,21.0
2013,,77.6747817993164,21.0
2014,,73.37576293945312,21.0
2015,,72.33506774902344,21.0
2016,,92.41948699951172,21.0
2017,,92.52345275878906,21.0
2018,,93.7503433227539,21.0
2019,,94.15167236328124,21.0
2020,,78.0189437866211,21.0
2021,,89.16751861572266,21.0
2022,,88.51199340820312,21.0
2012,,86.58193969726562,37.0
2013,,73.8465576171875,37.0
2014,,69.47003936767578,37.0
2015,,74.66081237792969,37.0
2017,,92.87477111816406,37.0
2018,,92.88313293457033,37.0
2019,,95.50524139404295,37.0
2020,,97.29073333740234,37.0
2021,,97.2877426147461,37.0
2022,,98.2089385986328,37.0
2000,,79.16667175292969,52.0
2001,,100.0,52.0
2002,,100.0,52.0
2003,,94.44444274902344,52.0
2004,,95.83332824707033,52.0
2006,,89.23204803466797,52.0
2007,,91.11351013183594,52.0
2008,,93.81012725830078,52.0
2009,,96.2065887451172,52.0
2010,,89.76976776123047,52.0
2011,,82.29608917236328,52.0
2012,,79.75187683105469,52.0
2013,,81.43351745605469,52.0
2014,,74.34561157226562,52.0
2015,,66.61614227294922,52.0
2016,,96.21351623535156,52.0
2017,,94.3040008544922,52.0
2018,,83.88213348388672,52.0
2019,,90.2209014892578,52.0
2020,,86.66800689697266,52.0
2021,,92.07408142089844,52.0
2022,,87.42823791503906,52.0
2006,3337386.0,,142.0
2007,3933305.0,,142.0
2008,7176010.0,,142.0
2009,11420524.0,84.63951110839844,142.0
2010,6220055.0,,142.0
2011,2431829.0,,142.0
2012,7065147.0,,142.0
2013,21834152.0,,142.0
2014,21934548.0,,142.0
2015,23632296.0,,142.0
2016,22167478.0,,142.0
2017,26852878.0,,142.0
2018,25833628.0,,142.0
2019,28273176.0,,142.0
2020,28760114.0,,142.0
2021,27855056.0,,142.0
2022,31674792.0,,142.0
2023,31248628.0,,142.0
2021,,94.25849151611328,174.0
2022,,64.4897689819336,174.0
2023,,70.96092224121094,174.0
2006,412094.0,100.0,33.0
2007,325128.0,87.26348876953125,33.0
2008,1242546.0,86.10862731933594,33.0
2009,1433945.0,95.13452911376952,33.0
2010,1293518.0,93.67839050292967,33.0
2011,2177380.0,92.73538208007812,33.0
2012,1930643.0,93.66535949707033,33.0
2013,3276777.0,90.59767150878906,33.0
2014,25324030.0,94.86241912841795,33.0
2015,28851808.0,95.51802825927734,33.0
2016,29351224.0,96.29717254638672,33.0
2017,36348152.0,94.64640045166016,33.0
2018,45716064.0,92.39118957519533,33.0
2019,57236180.0,93.25025177001952,33.0
2020,65585088.0,93.7225112915039,33.0
2021,62541824.0,93.80738067626952,33.0
2022,53831344.0,91.4909896850586,33.0
2023,53131232.0,88.876220703125,33.0
2005,,78.24600219726562,61.0
2006,664147.0,97.74981689453124,61.0
2007,562846.0,89.39140319824219,61.0
2008,1270690.0,88.10765838623047,61.0
2009,1719014.0,,61.0
2010,1253565.0,,61.0
2011,990720.0,86.1573486328125,61.0
2012,1580599.0,99.55763244628906,61.0
2013,3498121.0,94.45182800292967,61.0
2014,2907712.0,,61.0
2015,3285575.0,92.05856323242188,61.0
2016,2888179.0,93.89337921142578,61.0
2017,4056290.0,95.2106475830078,61.0
2018,4313133.0,,61.0
2019,4973779.0,,61.0
2020,3862457.0,,61.0
2021,3251881.0,,61.0
2022,3456546.0,,61.0
2023,4832993.0,,61.0
2006,1640019.0,,141.0
2007,1483100.0,,141.0
2008,2286871.0,,141.0
2009,2881296.0,99.67884063720705,141.0
2010,3062791.0,98.0827407836914,141.0
2011,2958756.0,92.94898986816406,141.0
2012,4585872.0,99.6832275390625,141.0
2013,5035276.0,99.84027862548828,141.0
2014,3827772.0,99.87863159179688,141.0
2015,4291226.0,99.83561706542967,141.0
2016,3136012.0,99.95826721191406,141.0
2017,1075922.0,,141.0
2018,2246186.0,,141.0
2019,2155626.0,,141.0
2020,2208601.0,,141.0
2021,869003.0,,141.0
2022,1453190.0,,141.0
2023,3414316.0,,141.0
2001,,95.69951629638672,203.0
2002,,97.28370666503906,203.0
2003,,94.78362274169922,203.0
2004,,96.91776275634766,203.0
2005,,95.50074768066406,203.0
2006,15257757.0,95.68415832519533,203.0
2007,11880618.0,95.23448181152344,203.0
2008,20185088.0,94.36229705810548,203.0
2009,11987916.0,93.56195068359376,203.0
2010,5854713.0,91.4765396118164,203.0
2011,6437198.0,92.4217529296875,203.0
2012,9945224.0,93.1876983642578,203.0
2013,9758413.0,92.28385162353516,203.0
2014,8514566.0,91.91105651855467,203.0
2015,9229317.0,92.75636291503906,203.0
2016,4789345.0,93.8988265991211,203.0
2017,8830214.0,96.15408325195312,203.0
2018,9326384.0,96.65213012695312,203.0
2019,10603174.0,97.49359130859376,203.0
2020,8973723.0,97.18122863769533,203.0
2021,7299567.0,97.3821029663086,203.0
2022,10275988.0,97.4456024169922,203.0
2023,6975477.0,,203.0
2006,321867.0,,120.0
2007,83189.0,,120.0
2008,195567.0,,120.0
2009,322167.0,,120.0
2010,247341.0,,120.0
2011,295928.0,,120.0
2012,264541.0,,120.0
2013,218306.0,,120.0
2014,191394.0,,120.0
2015,107520.0,,120.0
2016,72044.0,,120.0
2017,7618560.0,,120.0
2018,106037.0,,120.0
2019,35453.0,100.0,120.0
2020,95498.0,,120.0
2021,54934.0,,120.0
2022,67941.0,100.0,120.0
2023,118273.0,,120.0
2002,,98.88072204589844,150.0
2006,1110317.0,,150.0
2007,935381.0,,150.0
2008,1246120.0,,150.0
2009,1240126.0,,150.0
2010,1542985.0,,150.0
2011,1605364.0,,150.0
2012,1843911.0,,150.0
2013,3784666.0,,150.0
2014,2297731.0,,150.0
2015,2107318.0,,150.0
2016,1786813.0,,150.0
2017,2358685.0,,150.0
2018,2966879.0,,150.0
2019,5046834.0,,150.0
2020,3175243.0,,150.0
2021,3382223.0,,150.0
2022,2520559.0,,150.0
2023,2998024.0,,150.0
2006,991364.0,,192.0
2007,1349060.0,,192.0
2008,3371911.0,88.78079223632812,192.0
2009,4099747.0,86.02210998535156,192.0
2010,3315287.0,92.12875366210938,192.0
2011,2188621.0,81.92323303222656,192.0
2012,2831057.0,89.93003845214844,192.0
2013,4443715.0,88.9281234741211,192.0
2014,4106743.0,89.64022064208984,192.0
2015,3953314.0,88.9768295288086,192.0
2016,3002828.0,93.92752838134766,192.0
2017,3911032.0,97.49713897705078,192.0
2018,4877719.0,93.66046142578124,192.0
2019,7456849.0,88.19331359863281,192.0
2020,7819079.0,93.59526824951172,192.0
2021,6743665.0,90.24227905273438,192.0
2022,6855479.0,,192.0
2023,8402135.0,,192.0
2002,,91.56661224365234,82.0
2004,,94.7677993774414,82.0
2007,,96.23058319091795,82.0
2008,,93.50438690185548,82.0
2009,,96.44094848632812,82.0
2010,,81.6336898803711,82.0
2011,,74.61505889892578,82.0
2012,,96.27703857421876,82.0
2013,,77.94770812988281,82.0
2014,,90.43295288085938,82.0
2015,,79.33612060546875,82.0
2016,,75.3408203125,82.0
2017,,79.97737884521484,82.0
2019,,73.59137725830078,82.0
2021,,73.8921127319336,82.0
2022,,75.73898315429688,82.0
2006,2551705.0,,113.0
2007,2248234.0,,113.0
2008,3413891.0,,113.0
2009,6408056.0,,113.0
2010,6943832.0,,113.0
2011,9314452.0,60.11188125610352,113.0
2012,7320806.0,,113.0
2013,8983290.0,,113.0
2014,10834185.0,,113.0
2015,12558873.0,,113.0
2016,12142523.0,,113.0
2017,10139049.0,50.8177490234375,113.0
2018,13919181.0,,113.0
2019,15000624.0,51.0977897644043,113.0
2020,15414048.0,,113.0
2021,7720616.0,,113.0
2022,7823410.0,,113.0
2023,13744472.0,,113.0
2006,161335.0,,62.0
2007,172645.0,,62.0
2008,182676.0,,62.0
2009,628781.0,,62.0
2010,494288.0,,62.0
2011,496015.0,,62.0
2012,643502.0,,62.0
2013,782734.0,,62.0
2014,556595.0,,62.0
2015,797375.0,,62.0
2016,377753.0,,62.0
2017,970622.0,,62.0
2018,1267112.0,,62.0
2019,2905275.0,,62.0
2020,1796874.0,,62.0
2021,2295020.0,,62.0
2022,2041754.0,,62.0
2023,1772764.0,,62.0
2000,,100.0,65.0
2002,,97.30402374267578,65.0
2006,3715341.0,,65.0
2007,4852058.0,,65.0
2008,4928666.0,,65.0
2009,10962268.0,,65.0
2010,11266348.0,,65.0
2011,17487978.0,,65.0
2012,12864279.0,100.0,65.0
2013,13640011.0,100.0,65.0
2014,14861662.0,100.0,65.0
2015,11464228.0,100.0,65.0
2016,8507213.0,,65.0
2017,6916349.0,41.34651947021484,65.0
2018,11416652.0,,65.0
2019,16108255.0,,65.0
2020,15409507.0,,65.0
2021,12364446.0,,65.0
2022,15574784.0,,65.0
2023,13060323.0,,65.0
2006,2437934.0,86.2750473022461,178.0
2007,3192259.0,,178.0
2008,6433517.0,,178.0
2009,4943173.0,,178.0
2010,3326411.0,,178.0
2011,4609786.0,,178.0
2012,3292965.0,80.74066925048828,178.0
2013,3884022.0,80.74066925048828,178.0
2014,2374741.0,,178.0
2015,2862924.0,,178.0
2016,2908211.0,,178.0
2017,12513594.0,,178.0
2018,3515252.0,,178.0
2019,4003808.0,,178.0
2020,3229606.0,,178.0
2021,2156611.0,,178.0
2022,2258494.0,,178.0
2023,3571236.0,,178.0
2006,793892.0,,55.0
2007,1000707.0,,55.0
2008,1937170.0,,55.0
2009,1899976.0,,55.0
2010,1134987.0,,55.0
2011,248815.0,,55.0
2012,1092432.0,,55.0
2013,1573351.0,,55.0
2014,1437802.0,,55.0
2015,1368119.0,,55.0
2016,1170891.0,,55.0
2017,1522311.0,,55.0
2018,1783685.0,,55.0
2019,3985900.0,,55.0
2020,2573223.0,,55.0
2021,2174618.0,,55.0
2022,2103602.0,,55.0
2023,3316311.0,,55.0
2006,53235.0,,9.0
2007,54817.0,,9.0
2008,1971870.0,,9.0
2009,2159170.0,,9.0
2010,1746688.0,98.63670349121094,9.0
2011,770867.0,,9.0
2012,1823432.0,,9.0
2013,2879129.0,,9.0
2014,1809075.0,,9.0
2015,2285817.0,,9.0
2016,1663492.0,,9.0
2017,5118765.0,,9.0
2018,2241633.0,,9.0
2019,2587681.0,,9.0
2020,1965252.0,,9.0
2021,1326667.0,,9.0
2022,1629210.0,,9.0
2023,1277372.0,,9.0
2006,316295.0,,96.0
2007,612027.0,,96.0
2008,591425.0,,96.0
2009,1366470.0,,96.0
2010,810097.0,97.93779754638672,96.0
2011,2513407.0,99.3508071899414,96.0
2012,2326804.0,98.09114837646484,96.0
2013,3688775.0,,96.0
2014,1822320.0,95.41219329833984,96.0
2015,2192473.0,98.29003143310548,96.0
2016,1427094.0,92.1611785888672,96.0
2017,3047960.0,,96.0
2018,2771816.0,,96.0
2019,3126060.0,,96.0
2020,2281806.0,,96.0
2021,2247938.0,,96.0
2022,1535739.0,,96.0
2023,1855238.0,,96.0
2000,,53.98033142089844,212.0
2001,,48.58641815185547,212.0
2002,,53.03363037109375,212.0
2003,,64.15049743652344,212.0
2004,,89.00377655029297,212.0
2006,7464073.0,78.54818725585938,212.0
2007,2114213.0,58.34819030761719,212.0
2008,2434201.0,99.3846664428711,212.0
2009,7278875.0,70.64472961425781,212.0
2010,9898237.0,66.6473617553711,212.0
2011,11386151.0,76.62496185302734,212.0
2012,6934748.0,82.64967346191406,212.0
2013,3320233.0,81.09691619873047,212.0
2014,6553472.0,,212.0
2015,4072244.0,,212.0
2016,1365666.0,86.73985290527344,212.0
2017,3577768.0,81.68151092529297,212.0
2018,6764108.0,83.53169250488281,212.0
2019,10617512.0,80.34886169433594,212.0
2020,10560410.0,85.76236724853516,212.0
2021,7913810.0,82.19538879394531,212.0
2022,8607692.0,,212.0
2023,8114094.0,,212.0
2000,,86.69786834716797,36.0
2006,7598.0,,36.0
2007,371551.0,,36.0
2008,566835.0,,36.0
2009,808699.0,,36.0
2010,442417.0,,36.0
2011,1159338.0,,36.0
2012,905778.0,,36.0
2013,1444990.0,,36.0
2014,1611893.0,100.0,36.0
2015,1526051.0,,36.0
2016,607879.0,,36.0
2017,1433951.0,,36.0
2018,824732.0,,36.0
2019,1050726.0,,36.0
2020,999406.0,,36.0
2021,994354.0,,36.0
2022,793620.0,,36.0
2023,545226.0,,36.0
2006,1310869.0,98.92601013183594,112.0
2007,2381722.0,,112.0
2008,1760442.0,95.54554748535156,112.0
2009,1990534.0,92.6561508178711,112.0
2010,21562238.0,91.4768295288086,112.0
2011,813019.0,79.95169830322266,112.0
2012,1376314.0,81.35826873779297,112.0
2013,1561040.0,87.7645034790039,112.0
2014,991435.0,83.74356079101562,112.0
2015,1457373.0,98.02857208251952,112.0
2016,781865.0,93.61457061767578,112.0
2017,1089520.0,93.71849822998048,112.0
2018,1431464.0,96.72305297851562,112.0
2019,3606128.0,,112.0
2020,2745116.0,,112.0
2021,1760107.0,,112.0
2022,2411752.0,,112.0
2023,4111692.0,,112.0
2006,1478702.0,,43.0
2007,1418654.0,,43.0
2008,1326719.0,,43.0
2009,3617107.0,,43.0
2010,1653754.0,,43.0
2011,3683119.0,,43.0
2012,3740448.0,,43.0
2013,5170308.0,,43.0
2014,4148004.0,,43.0
2015,6022228.0,,43.0
2016,4999552.0,,43.0
2017,12112690.0,,43.0
2018,11680176.0,,43.0
2019,19428104.0,,43.0
2020,21146424.0,,43.0
2021,13974885.0,,43.0
2022,15697905.0,,43.0
2023,18163812.0,,43.0
2006,307013.0,,105.0
2007,1129514.0,,105.0
2008,1088436.0,,105.0
2009,1623769.0,,105.0
2010,762714.0,81.99967193603516,105.0
2011,764158.0,,105.0
2012,732309.0,,105.0
2013,947204.0,,105.0
2014,608663.0,,105.0
2015,939805.0,,105.0
2016,597353.0,,105.0
2017,723847.0,,105.0
2018,717478.0,,105.0
2019,905552.0,,105.0
2020,716250.0,,105.0
2021,431178.0,,105.0
2022,455441.0,,105.0
2023,421342.0,94.65705871582033,105.0
2000,,89.1082992553711,87.0
2001,,87.37151336669922,87.0
2002,,87.22032165527344,87.0
2003,,87.75347900390625,87.0
2004,,88.94146728515625,87.0
2005,,89.18501281738281,87.0
2006,,87.85662841796875,87.0
2007,,87.3068618774414,87.0
2008,,85.61327362060547,87.0
2009,,91.40516662597656,87.0
2010,,90.12122344970705,87.0
2011,,90.42230987548828,87.0
2012,,89.0223388671875,87.0
2013,,88.06735229492188,87.0
2014,,87.43380737304688,87.0
2015,,88.51828002929688,87.0
2016,,89.15247344970703,87.0
2017,,89.05850219726562,87.0
2018,,89.40666961669922,87.0
2019,,89.40931701660156,87.0
2020,,88.76463317871094,87.0
2021,,88.46952819824219,87.0
2022,,88.0921401977539,87.0
2000,,88.68035125732422,69.0
2001,,90.42144012451172,69.0
2002,,90.6412582397461,69.0
2003,,91.13529205322266,69.0
2004,,89.32283782958984,69.0
2005,,90.6198272705078,69.0
2006,,93.953857421875,69.0
2007,,94.14724731445312,69.0
2008,,93.99640655517578,69.0
2009,,94.0686264038086,69.0
2010,,93.43267822265624,69.0
2011,,94.15846252441406,69.0
2013,,92.68428802490234,69.0
2014,,92.33486938476562,69.0
2015,,90.26641845703124,69.0
2016,,87.31812286376953,69.0
2017,,87.90767669677734,69.0
2018,,88.2347412109375,69.0
2019,,87.57186889648438,69.0
2020,,88.35682678222656,69.0
2021,,92.1137924194336,69.0
2022,,90.34607696533205,69.0
2006,1787039.0,,208.0
2007,1166400.0,,208.0
2008,2247298.0,,208.0
2009,8421544.0,,208.0
2010,8522679.0,82.36962127685547,208.0
2011,9760882.0,82.37564086914062,208.0
2012,7942720.0,82.43345642089844,208.0
2013,7808135.0,82.42894744873047,208.0
2014,5831779.0,82.35836791992188,208.0
2015,7396635.0,82.38887786865234,208.0
2016,4902021.0,,208.0
2017,5212500.0,,208.0
2018,4401327.0,,208.0
2019,7577624.0,,208.0
2020,8979197.0,,208.0
2021,7211437.0,,208.0
2022,8005033.0,,208.0
2023,12507228.0,,208.0
2007,391687.0,,195.0
2008,40131.0,,195.0
2009,498588.0,,195.0
2010,373401.0,,195.0
2011,484642.0,,195.0
2012,12187.0,,195.0
2013,355265.0,,195.0
2014,473503.0,,195.0
2015,769212.0,,195.0
2016,575455.0,,195.0
2017,5915064.0,,195.0
2018,862405.0,,195.0
2019,730186.0,,195.0
2020,1094427.0,,195.0
2021,165140.0,,195.0
2022,842993.0,,195.0
2023,1239561.0,,195.0
2000,,83.99308013916016,76.0
2013,,85.80937957763672,76.0
2014,,84.38542175292969,76.0
2015,,83.2429428100586,76.0
2016,,83.82549285888672,76.0
2017,,82.22633361816406,76.0
2018,,83.49002838134766,76.0
2019,,82.77474975585938,76.0
2020,,87.06481170654297,76.0
2021,,87.81414031982422,76.0
2022,,84.87744903564453,76.0
2023,,87.92389678955078,76.0
2002,,96.65194702148438,146.0
2006,2827.0,,146.0
2007,5362.0,,146.0
2008,117395.0,,146.0
2009,422319.0,,146.0
2010,703185.0,,146.0
2016,,36.62662124633789,146.0
2020,,70.74207305908203,146.0
2021,,66.77024841308594,146.0
2022,,67.0031509399414,146.0
2023,,59.49607849121094,146.0
2024,,60.15689849853516,146.0
2006,2631344.0,,140.0
2007,2411912.0,,140.0
2008,4193428.0,,140.0
2009,9952181.0,,140.0
2010,15363394.0,,140.0
2011,11543827.0,,140.0
2012,15082326.0,,140.0
2013,16752492.0,71.52242279052734,140.0
2014,17068836.0,,140.0
2015,16768130.0,,140.0
2016,14268551.0,,140.0
2017,15648664.0,,140.0
2018,18684484.0,,140.0
2019,26090762.0,,140.0
2020,24669396.0,,140.0
2021,25672850.0,,140.0
2022,33368428.0,,140.0
2023,36735400.0,,140.0
2001,,96.40354919433594,155.0
2002,,58.99377822875977,155.0
2006,133283.0,,155.0
2007,441138.0,,155.0
2008,623980.0,,155.0
2009,1269597.0,,155.0
2010,800389.0,,155.0
2011,943884.0,,155.0
2012,666800.0,86.98652648925781,155.0
2013,619818.0,95.73664855957033,155.0
2014,605334.0,,155.0
2015,1069941.0,,155.0
2016,397255.0,,155.0
2017,847059.0,,155.0
2018,1036313.0,,155.0
2019,797557.0,,155.0
2020,781812.0,,155.0
2021,752351.0,,155.0
2022,1017129.0,,155.0
2023,1038130.0,,155.0
2001,,85.54910278320312,28.0
2002,,93.48780059814452,28.0
2003,,85.5799331665039,28.0
2004,,80.6610107421875,28.0
2005,,84.9372329711914,28.0
2006,756615.0,77.9937515258789,28.0
2007,2650764.0,67.56748962402344,28.0
2008,6295777.0,78.99459075927734,28.0
2009,6059274.0,79.7508773803711,28.0
2010,2780302.0,82.17286682128906,28.0
2011,2825931.0,83.12033081054688,28.0
2012,3139716.0,83.53816986083984,28.0
2013,4054479.0,83.49434661865234,28.0
2014,3562791.0,80.60965728759766,28.0
2015,4270032.0,85.34220886230469,28.0
2016,2618894.0,86.5121078491211,28.0
2017,2919137.0,82.3570785522461,28.0
2018,3525224.0,81.29293060302734,28.0
2019,4418764.0,82.75028991699219,28.0
2020,4258337.0,84.40023040771484,28.0
2021,3743462.0,83.85601806640625,28.0
2022,4468569.0,80.78411865234375,28.0
2023,3262781.0,78.76959991455078,28.0
2024,,74.77925872802734,28.0
2000,,95.41332244873048,200.0
2001,,95.41332244873048,200.0
2002,,97.80960845947266,200.0
2003,,97.73612213134766,200.0
2004,,97.71520233154295,200.0
2005,,98.38568115234376,200.0
2006,9785810.0,,200.0
2007,11464209.0,94.66184997558594,200.0
2008,4912196.0,86.54966735839844,200.0
2009,18987448.0,87.46392059326172,200.0
2010,22834402.0,,200.0
2011,15757957.0,,200.0
2012,19332496.0,,200.0
2013,22034176.0,,200.0
2014,20567460.0,,200.0
2015,15859706.0,,200.0
2016,13889190.0,,200.0
2017,7726545.0,,200.0
2018,90926792.0,,200.0
2019,19742880.0,,200.0
2020,19187002.0,,200.0
2021,11979498.0,,200.0
2022,14918951.0,,200.0
2023,26139764.0,,200.0
2006,229267.0,,81.0
2007,147513.0,,81.0
2008,1009185.0,,81.0
2009,73124.0,,81.0
2010,36182.0,,81.0
2011,45913.0,,81.0
2012,101280.0,,81.0
2013,181846.0,,81.0
2014,207777.0,,81.0
2015,109072.0,,81.0
2016,121043.0,,81.0
2017,200016.0,,81.0
2018,92863.0,,81.0
2019,74275.0,,81.0
2020,41025.0,,81.0
2021,43884.0,,81.0
2022,12306.0,,81.0
2023,67537.0,,81.0
2006,22256786.0,,86.0
2007,18380152.0,,86.0
2008,15803269.0,,86.0
2009,20961512.0,,86.0
2010,17492944.0,,86.0
2011,19776452.0,,86.0
2012,19634518.0,,86.0
2013,31831404.0,,86.0
2014,25103882.0,,86.0
2015,31818712.0,,86.0
2016,31106612.0,,86.0
2017,6928524.0,,86.0
2018,15750667.0,,86.0
2019,11361112.0,,86.0
2020,13042449.0,,86.0
2021,2747187.0,,86.0
2022,4944204.0,,86.0
2023,10348845.0,,86.0
2000,,92.49556732177734,114.0
2001,,96.16346740722656,114.0
2002,,96.67337036132812,114.0
2003,,89.18128204345703,114.0
2004,,87.5642318725586,114.0
2005,,87.8049087524414,114.0
2006,,85.46862030029297,114.0
2007,,85.04649353027344,114.0
2008,,87.31085205078125,114.0
2009,,86.89759063720703,114.0
2010,,80.58502960205078,114.0
2011,,78.23210906982422,114.0
2012,,80.07843780517578,114.0
2014,,84.55535125732422,114.0
2015,,83.32089233398438,114.0
2016,,91.60970306396484,114.0
2017,,90.94052124023438,114.0
2018,,87.82306671142578,114.0
2019,,89.2799301147461,114.0
2020,,87.68541717529297,114.0
2021,,87.74900817871094,114.0
2022,,87.83116149902344,114.0
2013,,100.0,149.0
2014,,100.0,149.0
2000,,85.66697692871094,139.0
2001,,87.03589630126953,139.0
2002,,88.54873657226562,139.0
2003,,94.93457794189452,139.0
2004,,93.66880798339844,139.0
2005,,90.35897064208984,139.0
2006,,89.47425842285156,139.0
2007,,91.06532287597656,139.0
2008,,92.52771759033205,139.0
2009,,94.78003692626952,139.0
2010,,91.53449249267578,139.0
2011,,92.12409973144533,139.0
2013,,93.81604766845705,139.0
2014,,93.7716064453125,139.0
2015,,92.15090942382812,139.0
2017,,94.83815002441406,139.0
2018,,94.98478698730467,139.0
2019,,94.44480895996094,139.0
2020,,94.651123046875,139.0
2021,,93.76316833496094,139.0
2022,,94.13050842285156,139.0
2002,,98.68242645263672,177.0
2003,,99.13542175292967,177.0
2004,,98.42723846435548,177.0
2006,102332.0,,177.0
2007,414670.0,88.19338989257812,177.0
2008,746544.0,,177.0
2009,1234595.0,,177.0
2010,714436.0,91.45494079589844,177.0
2011,973379.0,89.83709716796875,177.0
2012,754322.0,91.84538269042967,177.0
2013,1136206.0,,177.0
2014,895657.0,,177.0
2015,1027694.0,,177.0
2016,554053.0,95.12124633789062,177.0
2017,634557.0,,177.0
2018,1368971.0,,177.0
2019,1330395.0,,177.0
2020,1221290.0,95.5213623046875,177.0
2021,1430013.0,96.08599853515624,177.0
2022,1455666.0,96.8330535888672,177.0
2023,2550565.0,96.34964752197266,177.0
2024,,93.79656219482422,177.0
2006,24244488.0,,145.0
2007,9780231.0,,145.0
2008,4269651.0,,145.0
2009,5336881.0,,145.0
2010,23095672.0,,145.0
2011,3692789.0,,145.0
2012,6196107.0,,145.0
2013,5922512.0,,145.0
2014,4788003.0,,145.0
2015,7051169.0,,145.0
2016,6149280.0,,145.0
2017,12336748.0,,145.0
2018,6482735.0,,145.0
2019,15784074.0,,145.0
2020,11307807.0,,145.0
2021,16643533.0,87.42630004882812,145.0
2022,19164126.0,,145.0
2023,21240188.0,,145.0
2001,,87.59780883789062,205.0
2002,,83.2683334350586,205.0
2003,,77.6038589477539,205.0
2004,,91.3327865600586,205.0
2005,,92.48291778564452,205.0
2006,,67.60325622558594,205.0
2007,,80.30670166015625,205.0
2008,,74.10700988769531,205.0
2009,,76.50080108642578,205.0
2010,,85.67561340332031,205.0
2011,,87.77442169189453,205.0
2012,,89.15219116210938,205.0
2013,,90.56292724609376,205.0
2014,,93.87393951416016,205.0
2015,,94.30764770507812,205.0
2016,,93.12844848632812,205.0
2017,,93.98573303222656,205.0
2018,,94.73863983154295,205.0
2019,,95.61119842529295,205.0
2020,,94.86019897460938,205.0
2021,,91.57581329345705,205.0
2022,,91.36438751220705,205.0
2006,1001687.0,,173.0
2007,1518762.0,,173.0
2008,2786185.0,,173.0
2009,5517748.0,,173.0
2010,23450482.0,93.40428161621094,173.0
2011,2743853.0,90.80785369873048,173.0
2012,1921455.0,83.71098327636719,173.0
2013,3664352.0,82.22149658203125,173.0
2014,3534717.0,,173.0
2015,4174571.0,17.1229190826416,173.0
2016,3328821.0,18.93601036071777,173.0
2017,13158120.0,,173.0
2018,4312283.0,74.20144653320312,173.0
2019,7316607.0,,173.0
2020,5439539.0,,173.0
2021,6424410.0,66.77088165283203,173.0
2022,5514670.0,45.47845840454102,173.0
2023,6620466.0,48.0,173.0
2024,,79.0,173.0
2006,6502.0,,73.0
2007,5049.0,,73.0
2021,,100.0,73.0
2006,1795644.0,,16.0
2007,1158758.0,,16.0
2008,2107549.0,,16.0
2009,1898261.0,,16.0
2010,1632804.0,,16.0
2011,2133507.0,,16.0
2012,2596976.0,,16.0
2013,2471512.0,,16.0
2014,2144479.0,,16.0
2015,2753092.0,,16.0
2016,1886756.0,,16.0
2017,2629652.0,,16.0
2018,3748212.0,,16.0
2019,10827404.0,,16.0
2020,7825703.0,,16.0
2021,8786028.0,,16.0
2022,10262460.0,,16.0
2023,14212321.0,,16.0
2006,2083897.0,,11.0
2007,2428449.0,,11.0
2008,2531218.0,,11.0
2009,4204818.0,97.75404357910156,11.0
2010,4332068.0,94.3093719482422,11.0
2011,1301392.0,97.75404357910156,11.0
2012,1615271.0,91.5097198486328,11.0
2013,5445654.0,52.5872802734375,11.0
2014,5051288.0,68.85012817382812,11.0
2015,6795917.0,79.18852233886719,11.0
2016,4580810.0,90.1041030883789,11.0
2017,5990146.0,74.6907730102539,11.0
2018,7244933.0,89.0905990600586,11.0
2019,9179688.0,75.24339294433594,11.0
2020,9675846.0,68.7132797241211,11.0
2021,7561461.0,73.04083251953125,11.0
2022,8596191.0,59.93078994750977,11.0
2023,13132070.0,,11.0
2008,,87.14134216308594,154.0
2009,,95.38934326171876,154.0
2010,,93.28063201904295,154.0
2011,,93.70339965820312,154.0
2012,,98.32073974609376,154.0
2013,,92.96875,154.0
2016,,93.66751098632812,154.0
2017,,97.74610900878906,154.0
2018,,97.67479705810548,154.0
2019,,98.8183135986328,154.0
2020,,92.22933959960938,154.0
2021,,94.95561981201172,154.0
2022,,97.05052947998048,154.0
2023,,99.10421752929688,154.0
2006,2398724.0,,25.0
2007,2739515.0,,25.0
2008,2163898.0,,25.0
2009,4240546.0,,25.0
2010,5270464.0,,25.0
2011,6504401.0,,25.0
2012,5986743.0,,25.0
2013,6953339.0,,25.0
2014,5952269.0,,25.0
2015,6916778.0,,25.0
2016,5831910.0,,25.0
2017,9003160.0,,25.0
2018,5002639.0,,25.0
2019,5009776.0,,25.0
2020,5762699.0,,25.0
2021,2182011.0,,25.0
2022,3184600.0,,25.0
2023,5838284.0,,25.0
2006,74851.0,,45.0
2007,183276.0,100.0,45.0
2008,106866.0,89.87185668945312,45.0
2009,121686.0,99.49346160888672,45.0
2010,98988.0,93.67830657958984,45.0
2011,1075483.0,97.1550064086914,45.0
2012,945846.0,100.0,45.0
2013,1299341.0,99.89051055908205,45.0
2014,790398.0,99.78389739990234,45.0
2015,1010279.0,,45.0
2016,337499.0,,45.0
2017,2387361.0,,45.0
2018,933349.0,,45.0
2019,2493753.0,,45.0
2020,2987541.0,,45.0
2021,2015580.0,81.0,45.0
2022,2355820.0,80.57939910888672,45.0
2023,4607452.0,,45.0
2000,,98.3307876586914,79.0
2002,,100.0,79.0
2003,,97.95472717285156,79.0
2005,,98.75768280029295,79.0
2006,177585.0,79.1277084350586,79.0
2007,495316.0,,79.0
2008,763542.0,,79.0
2009,1606437.0,,79.0
2010,978845.0,,79.0
2011,1075854.0,92.35327911376952,79.0
2012,875584.0,99.03478240966795,79.0
2013,1010468.0,,79.0
2014,766358.0,,79.0
2015,1027930.0,98.68347930908205,79.0
2016,489485.0,98.9235610961914,79.0
2017,738082.0,98.0805892944336,79.0
2018,813590.0,99.10838317871094,79.0
2019,903889.0,97.55106353759766,79.0
2020,807700.0,99.21633911132812,79.0
2021,567379.0,81.80082702636719,79.0
2022,768582.0,98.52828216552734,79.0
2023,1371028.0,99.4165267944336,79.0
2024,,99.31316375732422,79.0
2017,,98.19171905517578,191.0
2018,,95.62509155273438,191.0
2019,,96.50968933105467,191.0
2020,,96.18846893310548,191.0
2021,,96.1213836669922,191.0
2022,,97.06610870361328,191.0
2023,,97.88033294677734,191.0
2007,48922.0,,89.0
2009,54080.0,,89.0
2011,56335.0,,89.0
2012,266314.0,,89.0
2013,326937.0,,89.0
2014,222456.0,,89.0
2015,330702.0,,89.0
2016,251510.0,,89.0
2017,733587.0,,89.0
2018,1872837.0,,89.0
2019,8348727.0,,89.0
2020,4461163.0,,89.0
2021,5793360.0,,89.0
2022,6316284.0,,89.0
2023,8877583.0,,89.0
2006,1720900.0,,210.0
2007,1133849.0,94.34107208251952,210.0
2008,2225266.0,,210.0
2009,3779688.0,,210.0
2010,3351304.0,,210.0
2011,3051188.0,96.41539001464844,210.0
2012,3346834.0,,210.0
2013,6848153.0,,210.0
2014,8011156.0,,210.0
2015,6659101.0,,210.0
2016,10397641.0,95.9520034790039,210.0
2017,14469190.0,89.14470672607422,210.0
2018,9538993.0,96.13665008544922,210.0
2019,16360259.0,96.34929656982422,210.0
2020,13465840.0,,210.0
2021,10787200.0,96.78343200683594,210.0
2022,8725600.0,96.0376968383789,210.0
2023,7725216.0,96.83878326416016,210.0
2011,185965.0,,102.0
2012,376064.0,,102.0
2013,1015558.0,100.0,102.0
2014,375445.0,90.19654846191406,102.0
2015,541365.0,100.0,102.0
2016,460203.0,100.0,102.0
2017,1743815.0,,102.0
2018,853279.0,,102.0
2019,1290186.0,,102.0
2020,645402.0,,102.0
2021,1043891.0,,102.0
2022,845327.0,,102.0
2023,3436933.0,,102.0
2007,22587.0,,206.0
2009,41304.0,,206.0
2010,10318.0,,206.0
2012,33486.0,,206.0
2013,432654.0,,206.0
2014,560368.0,,206.0
2015,736783.0,,206.0
2016,723352.0,,206.0
2017,866724.0,,206.0
2018,946388.0,,206.0
2019,850313.0,,206.0
2020,831746.0,,206.0
2021,771623.0,,206.0
2022,516404.0,,206.0
2023,416719.0,,206.0
2000,,89.83381652832031,66.0
2001,,90.25611114501952,66.0
2002,,90.08261108398438,66.0
2003,,89.88919067382812,66.0
2004,,91.4092788696289,66.0
2005,,91.9800262451172,66.0
2006,,90.59427642822266,66.0
2007,,93.33094787597656,66.0
2008,,91.44483184814452,66.0
2009,,90.73314666748048,66.0
2010,,78.50666809082031,66.0
2011,,80.61534881591797,66.0
2012,,81.15785217285156,66.0
2013,,83.0380630493164,66.0
2014,,83.01776123046875,66.0
2015,,64.68550109863281,66.0
2016,,92.93470001220705,66.0
2017,,92.9417495727539,66.0
2018,,93.938232421875,66.0
2019,,93.59761810302734,66.0
2020,,92.76252746582033,66.0
2021,,89.53826141357422,66.0
2022,,88.98792266845703,66.0
2003,,91.41996002197266,107.0
2004,,90.80142974853516,107.0
2005,,86.42105102539062,107.0
2006,,89.02118682861328,107.0
2007,,87.89885711669922,107.0
2008,,86.46614074707031,107.0
2009,,87.83268737792969,107.0
2010,,89.68383026123047,107.0
2011,,90.0992202758789,107.0
2012,,88.88957214355469,107.0
2013,,83.37097930908203,107.0
2014,,85.11766815185547,107.0
2015,,89.63961791992188,107.0
2016,,92.6039581298828,107.0
2017,,92.54165649414062,107.0
2018,,91.59555053710938,107.0
2019,,91.58659362792967,107.0
2020,,89.99784088134766,107.0
2021,,89.4890365600586,107.0
2022,,88.8543930053711,107.0
2000,,100.0,127.0
2001,,100.0,127.0
2003,,100.0,127.0
2004,,100.0,127.0
2005,,95.76197814941406,127.0
2006,,96.00657653808594,127.0
2007,,96.1177978515625,127.0
2008,,96.3949966430664,127.0
2009,,96.54424285888672,127.0
2010,,96.75103759765624,127.0
2011,,96.73551177978516,127.0
2012,,96.63619995117188,127.0
2013,,96.6267318725586,127.0
2014,,96.53996276855467,127.0
2015,,96.3975067138672,127.0
2016,,96.29817962646484,127.0
2017,,96.29547882080078,127.0
2018,,96.26165771484376,127.0
2019,,96.2133331298828,127.0
2020,,96.2021484375,127.0
2021,,96.31932067871094,127.0
2022,,96.45488739013672,127.0
2007,107330.0,,180.0
2008,224863.0,,180.0
2009,149429.0,,180.0
2010,70008.0,,180.0
2011,1000870.0,,180.0
2012,696371.0,,180.0
2013,1280928.0,,180.0
2014,693847.0,99.46949005126952,180.0
2015,1199054.0,,180.0
2016,626835.0,,180.0
2017,7546883.0,,180.0
2018,570702.0,,180.0
2019,739958.0,,180.0
2020,571648.0,,180.0
2021,312006.0,,180.0
2022,510368.0,,180.0
2023,1541791.0,,180.0
2006,156871.0,,188.0
2007,197971.0,,188.0
2008,346334.0,,188.0
2009,499491.0,,188.0
2010,316446.0,,188.0
2011,713385.0,,188.0
2012,708648.0,92.01437377929688,188.0
2013,1231774.0,86.81733703613281,188.0
2014,697291.0,96.81346893310548,188.0
2015,1011214.0,99.00596618652344,188.0
2016,467921.0,100.0,188.0
2017,1775692.0,,188.0
2015,,98.62873077392578,17.0
2006,1310645.0,,209.0
2007,955142.0,,209.0
2008,1605052.0,,209.0
2009,1756162.0,,209.0
2010,1301209.0,,209.0
2011,163176.0,67.72493743896484,209.0
2012,1239024.0,23.70498085021973,209.0
2013,1550056.0,,209.0
2014,1359630.0,,209.0
2015,1372127.0,,209.0
2016,1413866.0,,209.0
2017,1564522.0,,209.0
2018,2378097.0,,209.0
2019,5865796.0,,209.0
2020,3137047.0,99.11042785644533,209.0
2021,4825618.0,81.093017578125,209.0
2022,4548274.0,,209.0
2023,7076355.0,,209.0
2000,,99.72315216064452,57.0
2006,972294.0,,57.0
2007,766276.0,,57.0
2008,1435081.0,,57.0
2009,2021442.0,,57.0
2010,1494149.0,97.5924301147461,57.0
2011,853776.0,92.77777862548828,57.0
2012,1518595.0,100.0,57.0
2013,2273088.0,100.0,57.0
2014,1839443.0,88.38804626464844,57.0
2015,1862900.0,90.98370361328124,57.0
2016,1520166.0,90.30361938476562,57.0
2017,2106497.0,99.58867645263672,57.0
2018,2353716.0,,57.0
2019,4662781.0,,57.0
2020,3185402.0,,57.0
2021,2819724.0,,57.0
2022,3355151.0,,57.0
2023,5019838.0,,57.0
2006,554386.0,,183.0
2007,959040.0,,183.0
2008,4225007.0,,183.0
2009,9732105.0,,183.0
2010,16705097.0,89.23825073242188,183.0
2011,19245244.0,82.66645050048828,183.0
2012,14604776.0,88.03766632080078,183.0
2013,14697193.0,86.38471221923828,183.0
2014,15489026.0,95.92288208007812,183.0
2015,5354786.0,,183.0
2016,3884976.0,,183.0
2017,5867894.0,,183.0
2018,6299226.0,,183.0
2019,11360527.0,,183.0
2020,11013087.0,,183.0
2021,9292330.0,,183.0
2022,9443746.0,,183.0
2023,11303278.0,,183.0
2006,5497.0,,158.0
2007,2063.0,,158.0
2008,370193.0,,158.0
2009,458786.0,,158.0
2010,877689.0,,158.0
2011,1564833.0,,158.0
2012,1746741.0,,158.0
2013,1912745.0,,158.0
2014,1805745.0,,158.0
2015,1996640.0,63.25133895874023,158.0
2016,1563010.0,,158.0
2017,1358815.0,,158.0
2018,1847061.0,,158.0
2019,4653701.0,,158.0
2020,3296239.0,,158.0
2021,6485360.0,,158.0
2022,4208346.0,,158.0
2023,5060798.0,,158.0
2007,1148.0,,48.0
2008,132845.0,,48.0
2009,332837.0,,48.0
2010,929831.0,,48.0
2011,772113.0,,48.0
2012,560846.0,96.80850982666016,48.0
2013,651636.0,,48.0
2014,903582.0,,48.0
2015,1123978.0,,48.0
2016,698070.0,,48.0
2017,971975.0,,48.0
2018,1125271.0,,48.0
2019,1822241.0,,48.0
2020,2061151.0,,48.0
2021,2042845.0,99.8686294555664,48.0
2022,1950384.0,99.55609893798828,48.0
2023,1894273.0,99.6857681274414,48.0
2006,1745369.0,,47.0
2007,1179653.0,,47.0
2008,1506854.0,,47.0
2009,3547892.0,,47.0
2010,2543049.0,,47.0
2011,2773956.0,,47.0
2012,3152289.0,,47.0
2013,3511241.0,,47.0
2014,3554663.0,,47.0
2015,3648023.0,,47.0
2016,2425747.0,,47.0
2017,3457203.0,,47.0
2018,3213838.0,,47.0
2019,2787254.0,,47.0
2020,3693120.0,,47.0
2021,1487565.0,,47.0
2022,1579179.0,,47.0
2023,3160540.0,,47.0
2008,118869.0,,152.0
2009,333143.0,,152.0
2010,95061.0,,152.0
2020,,86.80078887939453,152.0
2021,,80.86138153076172,152.0
2022,,81.96824645996094,152.0
2023,,84.23998260498047,152.0
2000,,74.1462173461914,151.0
2001,,75.23040771484375,151.0
2002,,75.1152114868164,151.0
2006,1476760.0,,151.0
2007,1506036.0,81.7436294555664,151.0
2008,5974998.0,82.41403198242188,151.0
2009,10421771.0,75.5232925415039,151.0
2010,5590255.0,76.41802978515625,151.0
2011,2838546.0,,151.0
2012,5514094.0,,151.0
2013,14490813.0,,151.0
2014,13284686.0,,151.0
2015,17032440.0,,151.0
2016,14822875.0,,151.0
2017,21536508.0,,151.0
2018,19510544.0,,151.0
2019,21772580.0,,151.0
2020,18666098.0,,151.0
2021,17236216.0,,151.0
2022,20086144.0,,151.0
2023,20473268.0,,151.0
2006,1151585.0,,4.0
2007,1093814.0,,4.0
2008,320198.0,,4.0
2009,745023.0,,4.0
2010,1022620.0,,4.0
2011,963865.0,,4.0
2012,860622.0,,4.0
2013,1296265.0,,4.0
2014,1511123.0,,4.0
2015,1922759.0,,4.0
2016,1767719.0,,4.0
2017,1629302.0,,4.0
2018,1223736.0,,4.0
2019,1106181.0,,4.0
2020,1355898.0,,4.0
2021,775292.0,,4.0
2022,723806.0,,4.0
2023,1460779.0,,4.0
2006,1226670.0,,131.0
2007,1850710.0,,131.0
2008,2522422.0,,131.0
2009,5723431.0,,131.0
2010,3514942.0,,131.0
2011,6187593.0,,131.0
2012,5293838.0,,131.0
2013,7004263.0,,131.0
2014,5364416.0,,131.0
2015,8303320.0,,131.0
2016,5009486.0,,131.0
2017,4650122.0,,131.0
2018,5573935.0,,131.0
2019,7852029.0,,131.0
2020,5862102.0,,131.0
2021,6658503.0,,131.0
2022,7581070.0,,131.0
2023,8419280.0,,131.0
2004,,75.45992279052734,111.0
2006,899255.0,,111.0
2007,2300218.0,,111.0
2008,1794528.0,,111.0
2009,3751451.0,93.33209228515624,111.0
2010,2351416.0,94.3039321899414,111.0
2011,5196000.0,88.79866027832031,111.0
2012,4205248.0,96.56613159179688,111.0
2013,5203453.0,94.4154815673828,111.0
2014,4304570.0,91.24694061279295,111.0
2015,6148254.0,,111.0
2016,4886459.0,,111.0
2017,4224454.0,,111.0
2018,4078298.0,,111.0
2019,6879382.0,,111.0
2020,5708195.0,,111.0
2021,6439606.0,,111.0
2022,5844762.0,,111.0
2023,6741372.0,,111.0
2000,,83.22083282470703,166.0
2006,1246445.0,,166.0
2007,1252307.0,,166.0
2008,3859860.0,,166.0
2009,4875655.0,,166.0
2010,5657054.0,,166.0
2011,5777398.0,96.0175323486328,166.0
2012,6837872.0,96.54591369628906,166.0
2013,10468409.0,97.70185089111328,166.0
2014,13576418.0,97.87940979003906,166.0
2015,13154229.0,,166.0
2016,13833464.0,91.1188507080078,166.0
2017,14404641.0,94.03121948242188,166.0
2018,12870175.0,94.55435943603516,166.0
2019,16600256.0,93.67073822021484,166.0
2020,16435494.0,95.47122955322266,166.0
2021,12816979.0,95.35729217529295,166.0
2022,47591948.0,,166.0
2023,51681024.0,,166.0
2000,,94.9022979736328,157.0
2002,,94.25990295410156,157.0
2003,,95.15235900878906,157.0
2004,,95.7502670288086,157.0
2005,,95.0230484008789,157.0
2006,177960.0,93.92643737792967,157.0
2007,317321.0,,157.0
2008,1936295.0,,157.0
2009,1379029.0,,157.0
2010,614121.0,,157.0
2011,440372.0,93.0081787109375,157.0
2012,784841.0,,157.0
2013,793156.0,93.08995819091795,157.0
2014,569349.0,92.3780288696289,157.0
2015,1589307.0,92.82501220703124,157.0
2016,424447.0,93.267822265625,157.0
2017,904996.0,94.1425323486328,157.0
2018,,93.95973205566406,157.0
2019,,93.65290069580078,157.0
2020,,92.69123077392578,157.0
2021,,92.25177764892578,157.0
2022,,93.67886352539062,157.0
2023,,92.8520736694336,157.0
2015,,90.05815124511719,148.0
2016,,95.3379135131836,148.0
2017,,90.29271697998048,148.0
2018,,90.91824340820312,148.0
2019,,91.1174087524414,148.0
2020,,91.39716339111328,148.0
2021,,91.70321655273438,148.0
2006,2619223.0,,100.0
2007,2633684.0,,100.0
2008,3473952.0,,100.0
2009,3820296.0,,100.0
2010,3794248.0,,100.0
2011,6077842.0,,100.0
2012,4868458.0,,100.0
2013,4728137.0,,100.0
2014,4888718.0,,100.0
2015,4039275.0,,100.0
2016,3501905.0,,100.0
2017,6173459.0,,100.0
2018,3399569.0,100.0,100.0
2019,7255307.0,,100.0
2020,8014831.0,100.0,100.0
2021,8619590.0,100.0,100.0
2022,10478514.0,,100.0
2023,11327283.0,,100.0
2005,,100.0,31.0
2008,70663.0,,31.0
2009,147325.0,100.0,31.0
2010,89245.0,,31.0
2011,84928.0,,31.0
2012,283924.0,,31.0
2013,158635.0,,31.0
2014,249901.0,,31.0
2015,490455.0,,31.0
2016,84233.0,,31.0
2017,237447.0,,31.0
2018,198816.0,,31.0
2019,200624.0,,31.0
2020,108469.0,,31.0
2021,66940.0,,31.0
2022,221935.0,,31.0
2023,23334.0,,31.0
2006,122005.0,84.9998779296875,90.0
2007,632793.0,97.24928283691406,90.0
2008,2157624.0,,90.0
2009,2478625.0,100.0,90.0
2010,1368919.0,,90.0
2011,1748998.0,,90.0
2012,1744527.0,,90.0
2013,2024903.0,,90.0
2014,1555351.0,,90.0
2015,1573089.0,,90.0
2016,1112138.0,,90.0
2017,1390143.0,,90.0
2018,1646866.0,,90.0
2019,2045998.0,,90.0
2020,2099206.0,,90.0
2021,1496215.0,,90.0
2022,1568080.0,,90.0
2023,1606817.0,97.31829071044922,90.0
2006,3104331.0,,7.0
2007,1737890.0,,7.0
2008,3152527.0,,7.0
2009,5922392.0,,7.0
2010,4866315.0,,7.0
2011,4383626.0,,7.0
2012,3757241.0,,7.0
2013,4594550.0,,7.0
2014,4217582.0,,7.0
2015,3626871.0,,7.0
2016,3123505.0,,7.0
2017,4590690.0,,7.0
2018,3420796.0,,7.0
2019,2622375.0,100.0,7.0
2020,3877273.0,99.24755096435548,7.0
2021,1324615.0,,7.0
2022,2078462.0,,7.0
2023,3079368.0,,7.0
2006,3582693.0,,144.0
2007,2848867.0,,144.0
2008,2048500.0,,144.0
2009,5352088.0,,144.0
2010,6278342.0,,144.0
2011,6788526.0,,144.0
2012,7131897.0,,144.0
2013,7841231.0,,144.0
2014,7159187.0,,144.0
2015,6720799.0,,144.0
2016,6920615.0,100.0,144.0
2017,7235844.0,,144.0
2018,8821948.0,,144.0
2019,7829131.0,,144.0
2020,8559490.0,,144.0
2021,4043031.0,,144.0
2022,7647974.0,,144.0
2023,8379053.0,,144.0
2006,61576.0,,172.0
2007,28141.0,,172.0
2008,806202.0,,172.0
2009,1579736.0,,172.0
2010,1326636.0,,172.0
2011,1911441.0,,172.0
2012,1825813.0,,172.0
2013,2137031.0,,172.0
2014,1772799.0,,172.0
2015,30434558.0,,172.0
2016,27803936.0,,172.0
2017,27266818.0,,172.0
2018,3778044.0,,172.0
2019,14025234.0,,172.0
2020,14591023.0,,172.0
2021,13411393.0,,172.0
2022,11178574.0,,172.0
2023,25965632.0,,172.0
2001,,98.44756317138672,159.0
2003,,99.95520782470705,159.0
2005,,99.85193634033205,159.0
2006,449501.0,95.89717864990234,159.0
2007,986822.0,99.95443725585938,159.0
2008,2222756.0,99.94075775146484,159.0
2009,3025185.0,99.90631866455078,159.0
2010,6956782.0,99.76998138427734,159.0
2011,8151169.0,,159.0
2012,8383767.0,,159.0
2013,10277006.0,,159.0
2014,9552239.0,100.0,159.0
2015,9563354.0,,159.0
2016,9211413.0,,159.0
2017,13517530.0,94.85054779052734,159.0
2018,8072386.0,95.27362060546876,159.0
2019,10437338.0,95.29199981689452,159.0
2020,29318212.0,95.43859100341795,159.0
2021,6416739.0,95.984130859375,159.0
2022,7689620.0,99.99577331542967,159.0
2023,4918893.0,99.99771881103516,159.0
2024,,99.99983215332033,159.0
2000,,100.0,59.0
2004,,95.24234771728516,59.0
2006,666940.0,,59.0
2007,345268.0,,59.0
2008,5788053.0,,59.0
2009,3471079.0,,59.0
2010,1646596.0,,59.0
2011,3857192.0,,59.0
2012,3202959.0,,59.0
2013,4149823.0,,59.0
2014,2453644.0,,59.0
2015,3056164.0,57.31385040283203,59.0
2016,2247113.0,56.22547149658203,59.0
2017,5853947.0,,59.0
2018,3866288.0,,59.0
2019,3975509.0,,59.0
2020,2936703.0,,59.0
2021,2709134.0,,59.0
2022,2629967.0,,59.0
2023,3047159.0,,59.0
2006,149720.0,,122.0
2007,53282.0,,122.0
2008,230940.0,,122.0
2009,2767512.0,94.77413940429688,122.0
2010,981519.0,,122.0
2011,1003203.0,,122.0
2012,1419101.0,,122.0
2013,1628302.0,,122.0
2014,1738677.0,,122.0
2015,3487065.0,,122.0
2016,1508983.0,,122.0
2017,1911220.0,,122.0
2018,2874692.0,,122.0
2019,3868115.0,,122.0
2020,1965207.0,,122.0
2021,2499624.0,,122.0
2022,2049955.0,,122.0
2023,1917744.0,,122.0
