ratio_id,country_id,year,students_per_staff
1,5.0,2013,15.69422
2,169.0,2013,14.99852
3,58.0,2013,21.01014
4,161.0,2013,22.59477
5,72.0,2013,19.0108
6,168.0,2013,21.88274
7,75.0,2013,11.6926
8,182.0,2013,12.14303
9,27.0,2013,13.8256
10,179.0,2013,15.43023
11,189.0,2013,17.97517
12,202.0,2013,14.02664
13,24.0,2013,18.68505
14,3.0,2013,19.01731
15,21.0,2013,16.57111
16,52.0,2013,19.52238
17,203.0,2013,14.28073
18,87.0,2013,14.84156
19,69.0,2013,10.06744
20,76.0,2013,17.09787
21,114.0,2013,15.1338
22,139.0,2013,14.01625
23,205.0,2013,21.24353
24,66.0,2013,13.81251
25,107.0,2013,18.08672
26,127.0,2013,11.02355
27,12.0,2013,21.69265
28,148.0,2013,15.15857
29,5.0,2014,15.13504
30,169.0,2014,14.68996
31,58.0,2014,22.4563
32,34.0,2014,13.11246
33,161.0,2014,23.19728
34,72.0,2014,15.52306
35,168.0,2014,22.25035
36,75.0,2014,11.81685
37,30.0,2014,14.28474
38,182.0,2014,12.87559
39,153.0,2014,15.06217
40,27.0,2014,14.21266
41,179.0,2014,15.73824
42,189.0,2014,16.73928
43,135.0,2014,44.51665
44,85.0,2014,12.81782
45,202.0,2014,15.09366
46,24.0,2014,19.57171
47,3.0,2014,18.84552
48,21.0,2014,16.07427
49,37.0,2014,7.624437
50,52.0,2014,18.90185
51,203.0,2014,15.52698
52,87.0,2014,15.94213
53,69.0,2014,10.17601
54,76.0,2014,17.30436
55,114.0,2014,15.24072
56,139.0,2014,14.42238
57,205.0,2014,19.59882
58,66.0,2014,13.70729
59,107.0,2014,17.47931
60,127.0,2014,10.69305
61,12.0,2014,20.29419
62,148.0,2014,14.63305
63,5.0,2015,15.17925
64,169.0,2015,14.35013
65,58.0,2015,22.07814
66,34.0,2015,12.8521
67,161.0,2015,23.21396
68,156.0,2015,14.06813
69,72.0,2015,15.36408
70,168.0,2015,23.34214
71,75.0,2015,11.96528
72,30.0,2015,18.09805
73,182.0,2015,12.67185
74,153.0,2015,14.0071
75,27.0,2015,15.11832
76,179.0,2015,16.11145
77,189.0,2015,15.88673
78,85.0,2015,12.76296
79,202.0,2015,14.58852
80,24.0,2015,20.40575
81,3.0,2015,20.20042
82,21.0,2015,16.45147
83,37.0,2015,8.232759
84,52.0,2015,18.72247
85,203.0,2015,15.3218
86,87.0,2015,15.39431
87,69.0,2015,10.46555
88,76.0,2015,17.38688
89,114.0,2015,14.89737
90,139.0,2015,13.92672
91,205.0,2015,18.68599
92,66.0,2015,12.98306
93,107.0,2015,17.08066
94,127.0,2015,10.42975
95,12.0,2015,21.89225
96,148.0,2015,14.47574
97,5.0,2016,15.35057
98,169.0,2016,14.35123
99,58.0,2016,21.2186
100,34.0,2016,12.44611
101,161.0,2016,23.06536
102,156.0,2016,13.97418
103,72.0,2016,30.71638
104,168.0,2016,18.86438
105,75.0,2016,12.08916
106,30.0,2016,17.3362
107,182.0,2016,12.20607
108,153.0,2016,13.68843
109,27.0,2016,15.28077
110,179.0,2016,16.28846
111,189.0,2016,15.83971
112,85.0,2016,12.62524
113,202.0,2016,13.66236
114,24.0,2016,20.82268
115,3.0,2016,20.20739
116,21.0,2016,16.27679
117,37.0,2016,7.556742
118,52.0,2016,18.36461
119,87.0,2016,14.76202
120,69.0,2016,9.555291
121,76.0,2016,16.92303
122,114.0,2016,14.58688
123,139.0,2016,14.36796
124,205.0,2016,19.26056
125,66.0,2016,12.39847
126,107.0,2016,15.32417
127,127.0,2016,10.38403
128,12.0,2016,23.12514
129,148.0,2016,14.16111
130,5.0,2017,15.5318
131,169.0,2017,14.04017
132,58.0,2017,21.16774
133,34.0,2017,11.95495
134,161.0,2017,23.63829
135,156.0,2017,14.08278
136,72.0,2017,31.25551
137,35.0,2017,32.19422
138,168.0,2017,18.36216
139,75.0,2017,12.09245
140,30.0,2017,16.06822
141,182.0,2017,12.3517
142,153.0,2017,13.50675
143,27.0,2017,15.50614
144,179.0,2017,16.17869
145,189.0,2017,15.82965
146,85.0,2017,12.76378
147,202.0,2017,12.08306
148,24.0,2017,21.32328
149,3.0,2017,20.01447
150,21.0,2017,16.22996
151,37.0,2017,7.24645
152,52.0,2017,16.56025
153,203.0,2017,16.72907
154,87.0,2017,14.59079
155,69.0,2017,9.463941
156,76.0,2017,16.63449
157,28.0,2017,19.25267
158,114.0,2017,14.27967
159,139.0,2017,14.2107
160,205.0,2017,19.38613
161,66.0,2017,11.92502
162,107.0,2017,14.94661
163,127.0,2017,10.26989
164,12.0,2017,25.6465
165,148.0,2017,13.90243
166,5.0,2018,15.8583
167,169.0,2018,13.76719
168,58.0,2018,20.97267
169,34.0,2018,11.50294
170,161.0,2018,23.7739
171,156.0,2018,12.10899
172,72.0,2018,27.71981
173,168.0,2018,15.01679
174,75.0,2018,11.97228
175,30.0,2018,15.76064
176,182.0,2018,12.29636
177,153.0,2018,12.84797
178,27.0,2018,15.32682
179,179.0,2018,16.31337
180,189.0,2018,15.38294
181,85.0,2018,12.52151
182,202.0,2018,11.53894
183,24.0,2018,21.33866
184,3.0,2018,20.30783
185,21.0,2018,14.37258
186,37.0,2018,4.355101
187,52.0,2018,16.33105
188,203.0,2018,18.12677
189,87.0,2018,14.63423
190,69.0,2018,9.353638
191,76.0,2018,16.69354
192,114.0,2018,13.84805
193,139.0,2018,14.29679
194,205.0,2018,19.77539
195,66.0,2018,11.42648
196,107.0,2018,14.43403
197,127.0,2018,10.14234
198,12.0,2018,25.13729
199,148.0,2018,13.8195
200,5.0,2019,15.70791
201,169.0,2019,13.45222
202,58.0,2019,21.36473
203,34.0,2019,11.31964
204,161.0,2019,24.0853
205,156.0,2019,12.83478
206,72.0,2019,27.10383
207,168.0,2019,16.80305
208,75.0,2019,11.90282
209,30.0,2019,15.69291
210,182.0,2019,12.16296
211,153.0,2019,12.94958
212,27.0,2019,14.92457
213,179.0,2019,16.48326
214,189.0,2019,11.44173
215,85.0,2019,12.11052
216,202.0,2019,11.43026
217,24.0,2019,23.37208
218,74.0,2019,2.864649
219,3.0,2019,20.21226
220,21.0,2019,14.53602
221,37.0,2019,4.948824
222,52.0,2019,16.89936
223,203.0,2019,17.9675
224,87.0,2019,14.85763
225,69.0,2019,9.112878
226,76.0,2019,16.73355
227,114.0,2019,13.53463
228,139.0,2019,14.54308
229,205.0,2019,19.42708
230,66.0,2019,11.28228
231,107.0,2019,14.34475
232,127.0,2019,10.00074
233,12.0,2019,23.21896
234,148.0,2019,13.63643
235,5.0,2020,15.69422
236,169.0,2020,14.22157
237,58.0,2020,18.81208
238,34.0,2020,11.8633
239,161.0,2020,25.6707
240,156.0,2020,13.00607
241,72.0,2020,27.20716
242,168.0,2020,16.18326
243,75.0,2020,11.70201
244,30.0,2020,15.76558
245,182.0,2020,12.5084
246,153.0,2020,12.25018
247,27.0,2020,14.41809
248,179.0,2020,16.65553
249,189.0,2020,13.03419
250,85.0,2020,11.35505
251,202.0,2020,11.29348
252,3.0,2020,20.82413
253,21.0,2020,15.01246
254,37.0,2020,4.920195
255,52.0,2020,16.28694
256,203.0,2020,34.66381
257,87.0,2020,14.58793
258,69.0,2020,9.211182
259,76.0,2020,16.45442
260,114.0,2020,13.0364
261,139.0,2020,15.35263
262,205.0,2020,19.80741
263,66.0,2020,11.36469
264,107.0,2020,13.62918
265,127.0,2020,9.878175
266,12.0,2020,21.91156
267,148.0,2020,13.49483
268,5.0,2021,20.64625
269,169.0,2021,13.98962
270,58.0,2021,21.99448
271,34.0,2021,12.44101
272,161.0,2021,26.36722
273,156.0,2021,13.40564
274,72.0,2021,28.16282
275,168.0,2021,16.4964
276,75.0,2021,11.5779
277,30.0,2021,14.26474
278,182.0,2021,12.79193
279,153.0,2021,12.29586
280,27.0,2021,13.39476
281,179.0,2021,17.14978
282,189.0,2021,13.71917
283,135.0,2021,49.1202
284,85.0,2021,11.74017
285,202.0,2021,11.40414
286,74.0,2021,14.35372
287,3.0,2021,20.53289
288,21.0,2021,13.41827
289,37.0,2021,4.731926
290,52.0,2021,15.43542
291,203.0,2021,19.73353
292,87.0,2021,14.85293
293,69.0,2021,9.617854
294,76.0,2021,17.29781
295,114.0,2021,12.59417
296,139.0,2021,15.35263
297,205.0,2021,20.72344
298,66.0,2021,11.6965
299,107.0,2021,14.1034
300,127.0,2021,10.19677
301,12.0,2021,21.60427
302,148.0,2021,13.37512
303,5.0,2022,19.5385
304,169.0,2022,14.03841
305,58.0,2022,22.49974
306,34.0,2022,11.75228
307,161.0,2022,27.30492
308,72.0,2022,26.49259
309,168.0,2022,16.67341
310,75.0,2022,11.33497
311,30.0,2022,15.65067
312,182.0,2022,12.50297
313,153.0,2022,11.32624
314,27.0,2022,14.43433
315,179.0,2022,17.91547
316,189.0,2022,13.71925
317,135.0,2022,49.3149
318,85.0,2022,11.28634
319,202.0,2022,11.23537
320,106.0,2022,8.905697
321,74.0,2022,13.82864
322,3.0,2022,20.24669
323,21.0,2022,13.44244
324,37.0,2022,4.453947
325,52.0,2022,14.92396
326,203.0,2022,16.62971
327,87.0,2022,13.93279
328,69.0,2022,9.400867
329,76.0,2022,16.09191
330,28.0,2022,26.58128
331,114.0,2022,12.64722
332,139.0,2022,15.25978
333,205.0,2022,19.95971
334,66.0,2022,11.89538
335,107.0,2022,10.64058
336,127.0,2022,10.47968
337,12.0,2022,20.80557
338,148.0,2022,13.07184
339,5.0,2023,19.48365
340,169.0,2023,14.18411
341,58.0,2023,21.96966
342,34.0,2023,11.61116
343,161.0,2023,28.77427
344,168.0,2023,16.63152
345,75.0,2023,11.21536
346,30.0,2023,14.33782
347,182.0,2023,12.02335
348,153.0,2023,11.03055
349,27.0,2023,15.29454
350,179.0,2023,14.65325
351,189.0,2023,13.55504
352,135.0,2023,49.00129
353,85.0,2023,10.97598
354,202.0,2023,10.72621
355,106.0,2023,8.247781
356,74.0,2023,13.93321
357,3.0,2023,19.62012
358,21.0,2023,13.55285
359,37.0,2023,4.44556
360,52.0,2023,15.18457
361,203.0,2023,17.5124
362,87.0,2023,13.75615
363,69.0,2023,9.026258
364,76.0,2023,16.36899
365,114.0,2023,12.47615
366,139.0,2023,12.32433
367,205.0,2023,19.31314
368,66.0,2023,11.95209
369,107.0,2023,11.56812
370,127.0,2023,10.11223
371,12.0,2023,22.29476
372,148.0,2023,12.94385
