REF_AREA,F00,F01,F02,F03,F04,F05,F05T07,F06,F07,F08,F09,F10,_TX_U
AUS,0.0044673152589,8.85090774352019,9.05712623419252,5.79373070797252,34.7995294754526,4.77440442795321,19.1499121794393,6.15757990173885,8.21792784974725,0.86197969420001,20.0443484694166,1.43799818054732,100.0
AUT,0.0,11.6563493963543,7.06111700126574,7.39110678985457,23.7214483590909,5.99610109784785,31.0812857582573,5.26820831277113,19.8169763476383,1.43350612928922,10.4688942850299,7.18629228085807,100.0
BEL,0.0,8.76612230886175,8.72607195985157,10.7473885537737,22.7150867212659,4.08104882873163,18.8179425563566,2.98497703235087,11.7519166952741,1.95592826900757,26.796952904059,1.47450672682393,100.0
BGR,0.0,13.9645546062093,7.09542339903561,10.7858895186532,26.7849589713222,3.10675915743169,20.372641908468,4.93824549530497,12.3276372557313,1.88435834531765,11.060823957364,8.05134929362998,100.0
BRA,0.0,19.5140591035634,2.94795190080014,5.22502886857099,30.4733861702392,1.7576616676472,16.2669835518488,4.6205042036435,9.88881768055813,3.07408310352832,18.9769066030561,3.52160069839314,100.0
CAN,1.09218552826622,5.14131734547118,7.76763229386514,10.6507375834155,26.1854511189116,8.2250056482854,26.4736514374198,6.18666343382689,12.0619823553075,1.04534608835572,15.5010993492073,6.14257925508759,100.0
CHE,0.0,9.36897756433378,7.29442560778292,6.86570548164027,26.7960384611421,6.83169643317222,25.3965145878206,3.23704306782229,15.3277750868261,1.40467675945297,17.2240371832263,5.64962435460101,100.0
CHL,0.0,12.4399667992787,3.3113784023584,5.09467095032296,26.0910742055201,1.94726284858372,21.3828028850282,3.1868041443659,16.2487358920786,2.02948949120849,23.8044162683534,5.84620099792972,100.0
COL,0.00522424122561,8.57521881174633,3.05170319592957,10.0960327485293,42.212242262992,1.94099219535677,23.3475071973252,3.70156148838633,17.7049535135821,1.96953894205384,6.09911505085239,4.64341754934576,100.0
CRI,0.0,26.1251611623525,2.88207874640484,5.29802638103739,36.2947535455718,2.49330556382029,15.7750669443618,5.48844589903798,7.79331548150352,1.34087077258752,10.494892393137,1.78915005454726,100.0
CZE,0.17229496898691,13.6757258861954,8.62074131783178,10.3212177508765,19.1651934198304,6.42735145177239,24.8988703442903,5.48347466514847,12.9880442273694,3.09831300752105,13.5259041740329,6.52173913043478,100.0
DEU,0.0,10.0329813407376,9.13611774830759,6.95433718783206,25.0787034204263,7.9326908780777,35.9354462947228,5.47730426070573,22.5254511559394,1.6866831449782,7.91242957994931,3.2633012830462,100.0
DNK,0.0,5.49583297743829,9.64943321171891,9.87639256647103,25.7757495149659,5.74841677546887,24.2309616487499,5.55074249874928,12.9318023745317,1.1640818517931,20.6655033982893,3.14204483057362,100.0
ESP,0.0,15.9227154360728,8.65386601180184,7.51555022351393,19.2753304833195,4.63587224878856,21.3437495893014,5.23347395654386,11.474403383969,1.02998522423676,18.6659006550526,7.59290237670123,100.0
EST,0.0,8.78424269866425,13.2669232510754,7.47113425401856,22.4360425628254,6.05614670590899,27.5299977360199,9.58795562599049,11.8858954041204,1.47158705003396,13.5838804618519,5.45619198551053,100.0
EU25,0.03888126394992,9.46797417594419,8.92300240320673,9.96232241756637,23.9550234943524,5.75633588002544,25.4064563622568,5.42496403298754,14.2251564492438,1.96852494823629,15.1374723276114,5.1403426068759,100.0
FIN,0.0,6.80086220064835,9.60131706240771,6.59379826541523,19.9307523888729,4.59953495476841,29.399684312361,8.05342928427163,16.746720073321,1.96541013934384,21.1799249817546,4.52825064919635,100.0
FRA,0.0,4.05918935919602,8.66598079948323,7.11521326441535,31.2260798173229,12.6718667595712,30.54104079404,4.06156090873261,13.8076131257362,1.48718742130126,13.1807335315648,3.7245750126765,100.0
GBR,0.4670847346027,6.88903378426431,13.1261106036344,13.5556642486102,25.8947464441247,8.63327353144262,23.2781946547322,5.38425277589814,9.26066834739139,0.70275401576361,15.919715853707,0.16669566056094,100.0
GRC,0.0,7.54873739146715,10.2143743125278,16.0511596339722,21.242013620726,8.16073392777739,26.1929836878935,3.62751293032835,14.4047368297877,3.31390858667416,11.8912214187086,3.54560134803061,100.0
HRV,0.00310964612227,7.54089184650787,8.01044841097083,8.03843522607127,21.1922383232788,5.39523602214068,28.7269108775421,5.20243796255986,18.1292368928416,2.99458921574725,14.2328503016357,9.26052615212389,100.0
HUN,0.0,13.1044715721319,8.29061846631146,11.5380724354219,25.6744452687664,3.68584339380859,24.195724016996,6.8186416672287,13.6912389559587,3.43967087070884,8.83186079449653,4.92513657516692,100.0
IRL,0.7569601847496,8.38215797801822,9.97198819655305,6.51541718342386,25.6318693067613,7.92990634221443,26.2359406406364,8.31907796262242,9.98695633579951,1.27336098875251,17.6934097421203,3.53889577898473,100.0
ISL,0.0,19.1333088505325,8.00587587219978,16.5626147631289,19.8310686742563,4.75578406169666,16.8747704737422,4.0213000367242,8.09768637532134,0.75284612559677,15.7730444362835,3.06647080426001,100.0
ISR,0.0,23.7145864969862,6.39655670352808,13.9310968054482,18.4732483067664,4.19605176124242,27.4564696894884,6.94249061384958,16.3179273143964,0.3754460168252,9.63768993562452,0.01490604533301,100.0
ITA,0.0,8.27670699706265,16.0828807875263,15.1188563017764,18.7189824638947,7.73772869565964,23.492115940412,1.53561612386202,14.2187711208903,2.15677145131494,12.4207463733755,3.73293968463762,100.0
JPN,0.0,7.89593374662654,16.0206804680158,7.95154726286655,20.4623250760914,3.02166771570715,21.2829477750282,,18.2612800593211,2.68636994628338,15.3210926115935,8.37910311349468,100.0
KOR,0.0,7.02587098550163,15.3255007484554,5.67376464130334,14.1980124802299,4.53503732504141,30.4271978447089,4.90494860171583,20.9872119179517,1.46824317390717,16.0317690424494,9.84964108344423,100.0
LTU,0.03966679888933,6.07783507426506,9.4847723566486,9.29084578430076,26.0170126493014,4.53964476177884,23.8044867556966,4.99360923795672,14.271232755961,2.34474855656926,21.1335889638151,1.80704306051391,100.0
LUX,0.0,11.9499768411302,8.24455766558592,9.95831403427513,39.8795738767948,6.62343677628532,22.8809634089856,8.61509958314034,7.64242704955998,0.0463177396943,6.25289485873089,0.78740157480315,100.0
LVA,0.0,9.58873491282968,7.3088958426464,8.88839219192371,26.3150052153181,2.74921770227984,19.6691998211891,5.43138131426017,11.4886008046491,1.34853226046789,18.8421993741618,8.03904038146327,100.0
MEX,0.0,12.4226802484409,3.49201705036345,7.7304380366004,35.7505329563681,2.56783731553243,23.7487053745112,4.23767892863844,16.9431891303403,1.81952523154847,12.128931447659,2.90716965450858,100.0
NLD,0.0,8.14782387496376,7.60475393252445,15.6531924585451,28.0899674039719,5.98323463816042,19.8066718331273,4.49127124509728,9.33216594986956,1.0092345553393,14.7042990079212,4.98405693360704,100.0
NOR,0.15554960861711,14.6618050444905,8.57697196761892,11.6160433531812,17.7176021944203,4.67150598782364,21.57456345755,5.56633438148123,11.3367230882451,0.79614638388974,19.6009232621931,5.30039472803907,100.0
NZL,0.08854446521413,9.96390110264347,11.5206187517501,10.5133308611517,20.6535641039224,7.67006970038672,23.1736758061709,6.64310526196296,8.86050084382119,2.24464003269334,18.9182439437856,2.92348093266837,100.0
OECD,0.0732099433108,10.3946297660774,9.01808614406466,9.84622300231194,24.4594655870044,5.46592976780497,24.1025816836199,5.19503482132857,13.5783285371529,1.66599865450906,15.8022329393066,4.63757227979527,100.0
POL,0.0,9.38862796652622,7.67298220274981,10.0482374390675,27.8861728665041,3.34229256248363,19.7707386659818,4.33297818508225,12.0954679184159,2.24582531283136,15.0372651380883,7.95015040825097,100.0
PRT,0.0,4.16899145222845,9.65920503492758,11.5394915972951,21.3939786194121,6.13743388309862,27.9130493003325,2.53085455397594,19.244760863258,2.10569777043765,16.8812908697302,6.3382953556364,100.0
ROU,0.0,5.82417582417582,8.86924669533365,9.59229176620481,26.8219461697723,4.80410893454372,28.3588150979455,6.77496416626851,16.7797419971333,4.03328555502469,11.6594999203695,4.84073897117375,100.0
SVK,0.0,14.0673436664885,7.60021378941742,10.2966328166756,19.8743987172635,4.78086584714057,21.4083377872795,4.78353821485836,11.8439337252806,2.19134152859434,17.7498663816141,6.81186531266702,100.0
SVN,0.0,10.4090373037055,7.25901557941779,9.89386133697474,18.3228849854137,6.81832288498541,29.5295139966483,4.75451554838309,17.9566755632797,2.71863943889268,13.4752653466576,8.39178201228974,100.0
SWE,0.0,13.0652654867257,6.32411504424779,11.8628318584071,15.7057522123894,3.9646017699115,29.0243362831858,6.77323008849558,18.2865044247788,0.8141592920354,20.5896017699115,2.61393805309735,100.0
TUR,0.0,6.73567560927836,10.9527904024895,9.23464921745231,21.3824806258168,2.62833771002301,18.4957466986702,2.6490315398312,13.218377448816,2.53184027904578,22.482241484821,8.18457568242607,100.0
USA,0.0,6.68185369376107,16.8058648510403,12.9469771169628,18.6405784801433,8.21080606400122,20.357335799095,5.20059511332205,6.94593462177169,0.97734532811453,20.0196569504265,3.57038778045665,100.0
