,"(DSD_EAG_UOE_NON_FIN_STUD@DF_UOE_NF_DIST_FIELD) Distribution of enrolled students, new entrants and graduates by field of education",,,,,,,,,,,,,,,
,(EDUCATION_LEV) Education level: (ISCED11_5T8) Tertiary education,,,,,,,,,,,,,,,
,(MEASURE) Measure: (GRAD) Graduates,,,,,,,,,,,,,,,
,(INST_TYPE_EDU) Type of educational institution: (INST_EDU) All educational institutions,,,,,,,,,,,,,,,
,(TIME_PERIOD) Time period: (2022) 2022,,,,,,,,,,,,,,,
,(COMBINED_UNIT_MEASURE) Combined unit of measure: (PT_ST) Percentage of students,,,,,,,,,,,,,,,
,,,,,,,,,,,,,,,,
,(EDUCATION_FIELD) Field of education,(EDUCATION_FIELD) Field of education,(F00) Generic programmes and qualifications,(F01) Education (broad field level),(F02) Arts and humanities,"(F03) Social sciences, journalism and information","(F04) Business, administration and law","(F05) Natural sciences, mathematics and statistics",(F06) Information and Communication Technologies (ICTs) (broad field level),"(F07) Engineering, manufacturing and construction","(F08) Agriculture, forestry, fisheries and veterinary",(F09) Health and welfare (broad field level),(F10) Services (broad field level),"(F05T07) Science, technology, engineering and mathematics",(_TX_U) Total (excluding unknown),
,(REF_AREA) Reference area,,,,,,,,,,,,,,,
,(AUS) Australia,,0.00,8.85,9.06,5.79,34.80,4.77,6.16,8.22,0.86,20.04,1.44,19.15,100.00,
,(AUT) Austria,,0.00,11.66,7.06,7.39,23.72,6.00,5.27,19.82,1.43,10.47,7.19,31.08,100.00,
,(BEL) Belgium,,0.00,8.77,8.73,10.75,22.72,4.08,2.98,11.75,1.96,26.80,1.47,18.82,100.00,
,(CAN) Canada,,1.09,5.14,7.77,10.65,26.19,8.23,6.19,12.06,1.05,15.50,6.14,26.47,100.00,
,(CHL) Chile,,0.00,12.44,3.31,5.09,26.09,1.95,3.19,16.25,2.03,23.80,5.85,21.38,100.00,
,(COL) Colombia,,0.01,8.58,3.05,10.10,42.21,1.94,3.70,17.70,1.97,6.10,4.64,23.35,100.00,
,(CRI) Costa Rica,,0.00,26.13,2.88,5.30,36.29,2.49,5.49,7.79,1.34,10.49,1.79,15.78,100.00,
,(CZE) Czechia,,0.17,13.68,8.62,10.32,19.17,6.43,5.48,12.99,3.10,13.53,6.52,24.90,100.00,
,(DNK) Denmark,,0.00,5.50,9.65,9.88,25.78,5.75,5.55,12.93,1.16,20.67,3.14,24.23,100.00,
,(EST) Estonia,,0.00,8.78,13.27,7.47,22.44,6.06,9.59,11.89,1.47,13.58,5.46,27.53,100.00,
,(FIN) Finland,,0.00,6.80,9.60,6.59,19.93,4.60,8.05,16.75,1.97,21.18,4.53,29.40,100.00,
,(FRA) France,,0.00,4.06,8.67,7.12,31.23,12.67,4.06,13.81,1.49,13.18,3.72,30.54,100.00,
,(DEU) Germany,,0.00,10.03,9.14,6.95,25.08,7.93,5.48,22.53,1.69,7.91,3.26,35.94,100.00,
,(GRC) Greece,,0.00,7.55,10.21,16.05,21.24,8.16,3.63,14.40,3.31,11.89,3.55,26.19,100.00,
,(HUN) Hungary,,0.00,13.10,8.29,11.54,25.67,3.69,6.82,13.69,3.44,8.83,4.93,24.20,100.00,
,(ISL) Iceland,,0.00,19.13,8.01,16.56,19.83,4.76,4.02,8.10,0.75,15.77,3.07,16.87,100.00,
,(IRL) Ireland,,0.76,8.38,9.97,6.52,25.63,7.93,8.32,9.99,1.27,17.69,3.54,26.24,100.00,
,(ISR) Israel,,0.00,23.71,6.40,13.93,18.47,4.20,6.94,16.32,0.38,9.64,0.01,27.46,100.00,
,(ITA) Italy,,0.00,8.28,16.08,15.12,18.72,7.74,1.54,14.22,2.16,12.42,3.73,23.49,100.00,
,(JPN) Japan,,0.00,7.90,16.02,7.95,20.46,3.02,O ..,18.26,2.69,15.32,8.38,21.28,100.00,
,(KOR) Korea,,0.00,7.03,15.33,5.67,14.20,4.54,4.90,20.99,1.47,16.03,9.85,30.43,100.00,
,(LVA) Latvia,,0.00,9.59,7.31,8.89,26.32,2.75,5.43,11.49,1.35,18.84,8.04,19.67,100.00,
,(LTU) Lithuania,,0.04,6.08,9.48,9.29,26.02,4.54,4.99,14.27,2.34,21.13,1.81,23.80,100.00,
,(LUX) Luxembourg,,0.00,11.95,8.24,9.96,39.88,6.62,8.62,7.64,0.05,6.25,0.79,22.88,100.00,
,(MEX) Mexico,,0.00,12.42,3.49,7.73,35.75,2.57,4.24,16.94,1.82,12.13,2.91,23.75,100.00,
,(NLD) Netherlands,,0.00,8.15,7.60,15.65,28.09,5.98,4.49,9.33,1.01,14.70,4.98,19.81,100.00,
,(NZL) New Zealand,,0.09,9.96,11.52,10.51,20.65,7.67,6.64,8.86,2.24,18.92,2.92,23.17,100.00,
,(NOR) Norway,,0.16,14.66,8.58,11.62,17.72,4.67,5.57,11.34,0.80,19.60,5.30,21.57,100.00,
,(POL) Poland,,0.00,9.39,7.67,10.05,27.89,3.34,4.33,12.10,2.25,15.04,7.95,19.77,100.00,
,(PRT) Portugal,,0.00,4.17,9.66,11.54,21.39,6.14,2.53,19.24,2.11,16.88,6.34,27.91,100.00,
,(SVK) Slovak Republic,,0.00,14.07,7.60,10.30,19.87,4.78,4.78,11.84,2.19,17.75,6.81,21.41,100.00,
,(SVN) Slovenia,,0.00,10.41,7.26,9.89,18.32,6.82,4.75,17.96,2.72,13.48,8.39,29.53,100.00,
,(ESP) Spain,,0.00,15.92,8.65,7.52,19.28,4.64,5.23,11.47,1.03,18.67,7.59,21.34,100.00,
,(SWE) Sweden,,0.00,13.07,6.32,11.86,15.71,3.96,6.77,18.29,0.81,20.59,2.61,29.02,100.00,
,(CHE) Switzerland,,0.00,9.37,7.29,6.87,26.80,6.83,3.24,15.33,1.40,17.22,5.65,25.40,100.00,
,(TUR) Türkiye,,0.00,6.74,10.95,9.23,21.38,2.63,2.65,13.22,2.53,22.48,8.18,18.50,100.00,
,(GBR) United Kingdom,,0.47,6.89,13.13,13.56,25.89,8.63,5.38,9.26,0.70,15.92,0.17,23.28,100.00,
,(USA) United States,,0.00,6.68,16.81,12.95,18.64,8.21,5.20,6.95,0.98,20.02,3.57,20.36,100.00,
,(EU25) European Union (25 countries),,0.04,9.47,8.92,9.96,23.96,5.76,5.42,14.23,1.97,15.14,5.14,25.41,100.00,
,(OECD) OECD,,0.07,10.39,9.02,9.85,24.46,5.47,5.20,13.58,1.67,15.80,4.64,24.10,100.00,
,(WXOECD) Non-OECD economies,,,,,,,,,,,,,,,
,·  (BRA) Brazil,,0.00,19.51,2.95,5.23,30.47,1.76,4.62,9.89,3.07,18.98,3.52,16.27,100.00,
,·  (BGR) Bulgaria,,0.00,13.96,7.10,10.79,26.78,3.11,4.94,12.33,1.88,11.06,8.05,20.37,100.00,
,·  (HRV) Croatia,,0.00,7.54,8.01,8.04,21.19,5.40,5.20,18.13,2.99,14.23,9.26,28.73,100.00,
,·  (PER) Peru,,O ..,O ..,O ..,O ..,O ..,O ..,O ..,O ..,O ..,O ..,O ..,O ..,O ..,
,·  (ROU) Romania,,0.00,5.82,8.87,9.59,26.82,4.80,6.77,16.78,4.03,11.66,4.84,28.36,100.00,
,,,,,,,,,,,,,,,,
,© Terms & conditions ,,,,,,,,,,,,,,,"(DSD_EAG_UOE_NON_FIN_STUD@DF_UOE_NF_DIST_FIELD) Distribution of enrolled students, new entrants and graduates by field of education"
